PO;fanin;6401;fanout;0;if;0;try;0;SQL queries;0;McCabe complexity;681
DB;fanin;6323;fanout;0;if;0;try;0;SQL queries;0;McCabe complexity;238
MOrder;fanin;387;fanout;1959;if;151;try;28;SQL queries;19;McCabe complexity;525
GridTable;fanin;288;fanout;1067;if;127;try;15;SQL queries;7;McCabe complexity;427
MPayment;fanin;392;fanout;1447;if;91;try;23;SQL queries;12;McCabe complexity;390
MRole;fanin;105;fanout;0;if;0;try;0;SQL queries;0;McCabe complexity;369
MInvoice;fanin;248;fanout;1281;if;93;try;18;SQL queries;12;McCabe complexity;355
MInOut;fanin;146;fanout;1231;if;134;try;9;SQL queries;6;McCabe complexity;351
UITab;fanin;25;fanout;0;if;0;try;0;SQL queries;0;McCabe complexity;313
GridTab;fanin;1384;fanout;568;if;76;try;16;SQL queries;9;McCabe complexity;312
MOrderLine;fanin;379;fanout;1135;if;84;try;6;SQL queries;4;McCabe complexity;281
GridField;fanin;219;fanout;427;if;71;try;10;SQL queries;3;McCabe complexity;256
X_I_Request;fanin;4;fanout;0;if;0;try;0;SQL queries;0;McCabe complexity;250
MWFActivity;fanin;136;fanout;747;if;91;try;7;SQL queries;1;McCabe complexity;248
MInvoiceLine;fanin;263;fanout;1119;if;64;try;6;SQL queries;4;McCabe complexity;245
CalloutOrder;fanin;9;fanout;665;if;65;try;7;SQL queries;8;McCabe complexity;241
CConnection;fanin;16;fanout;0;if;0;try;0;SQL queries;0;McCabe complexity;237
MRequest;fanin;81;fanout;522;if;49;try;8;SQL queries;3;McCabe complexity;236
ReportEngine;fanin;34;fanout;0;if;0;try;0;SQL queries;0;McCabe complexity;234
MCost;fanin;94;fanout;635;if;68;try;22;SQL queries;11;McCabe complexity;224
GwtServer;fanin;61;fanout;421;if;60;try;1;SQL queries;0;McCabe complexity;223
X_C_Order;fanin;708;fanout;0;if;0;try;0;SQL queries;0;McCabe complexity;219
FinReport;fanin;22;fanout;644;if;56;try;2;SQL queries;1;McCabe complexity;203
UIFieldVO;fanin;19;fanout;0;if;0;try;0;SQL queries;0;McCabe complexity;198
MBPartner;fanin;142;fanout;386;if;24;try;23;SQL queries;11;McCabe complexity;197
X_C_Payment;fanin;631;fanout;0;if;0;try;0;SQL queries;0;McCabe complexity;196
MTable;fanin;68;fanout;0;if;0;try;0;SQL queries;0;McCabe complexity;194
WebInfo;fanin;74;fanout;470;if;11;try;53;SQL queries;26;McCabe complexity;188
UIField;fanin;12;fanout;0;if;0;try;0;SQL queries;0;McCabe complexity;180
X_R_Request;fanin;212;fanout;0;if;0;try;0;SQL queries;0;McCabe complexity;177
Util;fanin;95;fanout;0;if;0;try;0;SQL queries;0;McCabe complexity;176
X_C_BPartner;fanin;303;fanout;0;if;0;try;0;SQL queries;0;McCabe complexity;175
Login;fanin;12;fanout;0;if;0;try;0;SQL queries;0;McCabe complexity;174
MTree;fanin;10;fanout;0;if;0;try;0;SQL queries;0;McCabe complexity;165
X_M_InOut;fanin;462;fanout;0;if;0;try;0;SQL queries;0;McCabe complexity;164
Ctx;fanin;1823;fanout;0;if;0;try;0;SQL queries;0;McCabe complexity;162
X_C_Invoice;fanin;589;fanout;0;if;0;try;0;SQL queries;0;McCabe complexity;160
MJournal;fanin;90;fanout;540;if;57;try;3;SQL queries;1;McCabe complexity;159
WebUser;fanin;162;fanout;406;if;34;try;10;SQL queries;3;McCabe complexity;158
WebUtil;fanin;92;fanout;404;if;21;try;22;SQL queries;0;McCabe complexity;157
MUser;fanin;185;fanout;0;if;0;try;0;SQL queries;0;McCabe complexity;156
X_I_GLJournal;fanin;68;fanout;0;if;0;try;0;SQL queries;0;McCabe complexity;155
X_I_Order;fanin;123;fanout;0;if;0;try;0;SQL queries;0;McCabe complexity;153
MInOutLine;fanin;195;fanout;502;if;45;try;4;SQL queries;2;McCabe complexity;151
X_C_AcctSchema_Default;fanin;64;fanout;0;if;0;try;0;SQL queries;0;McCabe complexity;151
MStorage;fanin;82;fanout;467;if;36;try;26;SQL queries;13;McCabe complexity;150
MAccount;fanin;58;fanout;0;if;0;try;0;SQL queries;0;McCabe complexity;150
UITabVO;fanin;4;fanout;0;if;0;try;0;SQL queries;0;McCabe complexity;149
X_C_OrderLine;fanin;659;fanout;0;if;0;try;0;SQL queries;0;McCabe complexity;145
MUOMConversion;fanin;90;fanout;316;if;26;try;5;SQL queries;3;McCabe complexity;142
X_I_Payment;fanin;52;fanout;0;if;0;try;0;SQL queries;0;McCabe complexity;142
MPrintFormat;fanin;15;fanout;0;if;0;try;0;SQL queries;0;McCabe complexity;142
X_AD_PrintFormatItem;fanin;58;fanout;0;if;0;try;0;SQL queries;0;McCabe complexity;140
MSetup;fanin;215;fanout;1079;if;50;try;3;SQL queries;1;McCabe complexity;139
X_C_Lead;fanin;154;fanout;0;if;0;try;0;SQL queries;0;McCabe complexity;138
X_I_Invoice;fanin;98;fanout;0;if;0;try;0;SQL queries;0;McCabe complexity;137
Env;fanin;130;fanout;0;if;0;try;0;SQL queries;0;McCabe complexity;134
EMail;fanin;63;fanout;0;if;0;try;0;SQL queries;0;McCabe complexity;133
X_M_Product;fanin;298;fanout;0;if;0;try;0;SQL queries;0;McCabe complexity;132
MCostDetail;fanin;43;fanout;485;if;57;try;4;SQL queries;2;McCabe complexity;129
MLookupFactory;fanin;12;fanout;0;if;0;try;0;SQL queries;0;McCabe complexity;125
DocumentEngine;fanin;15;fanout;0;if;0;try;0;SQL queries;0;McCabe complexity;124
MWorkflow;fanin;31;fanout;290;if;21;try;6;SQL queries;3;McCabe complexity;122
MMatchPO;fanin;32;fanout;336;if;45;try;15;SQL queries;8;McCabe complexity;121
X_Fact_Acct;fanin;23;fanout;0;if;0;try;0;SQL queries;0;McCabe complexity;121
X_AD_WF_Node;fanin;146;fanout;0;if;0;try;0;SQL queries;0;McCabe complexity;119
X_I_BankStatement;fanin;101;fanout;0;if;0;try;0;SQL queries;0;McCabe complexity;119
CalloutInvoice;fanin;8;fanout;335;if;38;try;4;SQL queries;5;McCabe complexity;119
X_C_Project;fanin;101;fanout;0;if;0;try;0;SQL queries;0;McCabe complexity;117
AllocationAuto;fanin;25;fanout;216;if;30;try;8;SQL queries;4;McCabe complexity;115
X_R_RequestAction;fanin;5;fanout;0;if;0;try;0;SQL queries;0;McCabe complexity;111
MSequence;fanin;1;fanout;0;if;0;try;0;SQL queries;0;McCabe complexity;110
X_C_InvoiceLine;fanin;375;fanout;0;if;0;try;0;SQL queries;0;McCabe complexity;109
MProductPricing;fanin;207;fanout;166;if;15;try;11;SQL queries;7;McCabe complexity;109
X_T_Aging;fanin;91;fanout;0;if;0;try;0;SQL queries;0;McCabe complexity;109
CostUpdate;fanin;26;fanout;264;if;28;try;10;SQL queries;6;McCabe complexity;109
Query;fanin;59;fanout;0;if;0;try;0;SQL queries;0;McCabe complexity;108
MClient;fanin;147;fanout;0;if;0;try;0;SQL queries;0;McCabe complexity;107
X_A_Asset;fanin;83;fanout;0;if;0;try;0;SQL queries;0;McCabe complexity;107
MAllocationHdr;fanin;63;fanout;299;if;26;try;7;SQL queries;3;McCabe complexity;107
X_I_Product;fanin;6;fanout;0;if;0;try;0;SQL queries;0;McCabe complexity;107
MProduct;fanin;119;fanout;293;if;32;try;6;SQL queries;3;McCabe complexity;106
MPaySelectionCheck;fanin;16;fanout;503;if;29;try;10;SQL queries;5;McCabe complexity;105
MLookup;fanin;2;fanout;0;if;0;try;0;SQL queries;0;McCabe complexity;105
MLead;fanin;50;fanout;380;if;23;try;0;SQL queries;0;McCabe complexity;104
InOutGenerate;fanin;11;fanout;232;if;28;try;3;SQL queries;1;McCabe complexity;104
X_AD_Column;fanin;117;fanout;0;if;0;try;0;SQL queries;0;McCabe complexity;103
MPeriod;fanin;112;fanout;222;if;19;try;5;SQL queries;4;McCabe complexity;103
MMovement;fanin;38;fanout;344;if;31;try;5;SQL queries;2;McCabe complexity;103
WebLogin;fanin;23;fanout;189;if;39;try;0;SQL queries;0;McCabe complexity;102
X_M_DiscountSchemaLine;fanin;20;fanout;0;if;0;try;0;SQL queries;0;McCabe complexity;101
MColumn;fanin;20;fanout;0;if;0;try;0;SQL queries;0;McCabe complexity;101
X_I_BPartner;fanin;121;fanout;0;if;0;try;0;SQL queries;0;McCabe complexity;100
POInfo;fanin;3;fanout;0;if;0;try;0;SQL queries;0;McCabe complexity;100
TimeUtil;fanin;147;fanout;0;if;0;try;0;SQL queries;0;McCabe complexity;99
MLocation;fanin;23;fanout;0;if;0;try;0;SQL queries;0;McCabe complexity;99
Msg;fanin;905;fanout;0;if;0;try;0;SQL queries;0;McCabe complexity;98
MJournalBatch;fanin;48;fanout;307;if;21;try;3;SQL queries;1;McCabe complexity;97
X_GL_Distribution;fanin;90;fanout;0;if;0;try;0;SQL queries;0;McCabe complexity;96
MGoal;fanin;27;fanout;201;if;15;try;8;SQL queries;4;McCabe complexity;96
MAcctSchemaElement;fanin;3;fanout;0;if;0;try;0;SQL queries;0;McCabe complexity;96
MInOutConfirm;fanin;34;fanout;278;if;35;try;3;SQL queries;1;McCabe complexity;95
ImportOrder;fanin;0;fanout;588;if;26;try;3;SQL queries;3;McCabe complexity;94
ProcessInfo;fanin;98;fanout;0;if;0;try;0;SQL queries;0;McCabe complexity;93
MAcctSchema;fanin;61;fanout;0;if;0;try;0;SQL queries;0;McCabe complexity;93
MWFNode;fanin;52;fanout;195;if;20;try;2;SQL queries;2;McCabe complexity;93
ScheduleUtil;fanin;13;fanout;443;if;24;try;5;SQL queries;5;McCabe complexity;93
MDocBaseType;fanin;4;fanout;0;if;0;try;0;SQL queries;0;McCabe complexity;92
X_AD_User;fanin;219;fanout;0;if;0;try;0;SQL queries;0;McCabe complexity;90
ViewImportFromDB;fanin;8;fanout;152;if;52;try;3;SQL queries;1;McCabe complexity;90
MInventory;fanin;32;fanout;322;if;28;try;3;SQL queries;1;McCabe complexity;89
CLogMgt;fanin;27;fanout;0;if;0;try;0;SQL queries;0;McCabe complexity;89
X_M_InOutLine;fanin;373;fanout;0;if;0;try;0;SQL queries;0;McCabe complexity;88
X_PA_ReportColumn;fanin;61;fanout;0;if;0;try;0;SQL queries;0;McCabe complexity;88
X_I_Locator;fanin;12;fanout;0;if;0;try;0;SQL queries;0;McCabe complexity;88
MStore;fanin;22;fanout;204;if;17;try;14;SQL queries;5;McCabe complexity;87
MAttachment;fanin;12;fanout;0;if;0;try;0;SQL queries;0;McCabe complexity;87
X_C_BankStatementLine;fanin;117;fanout;0;if;0;try;0;SQL queries;0;McCabe complexity;86
DisplayType;fanin;89;fanout;0;if;0;try;0;SQL queries;0;McCabe complexity;85
X_W_Store;fanin;71;fanout;0;if;0;try;0;SQL queries;0;McCabe complexity;85
Ini;fanin;35;fanout;0;if;0;try;0;SQL queries;0;McCabe complexity;83
StateEngine;fanin;26;fanout;0;if;0;try;0;SQL queries;0;McCabe complexity;83
X_AD_System;fanin;12;fanout;0;if;0;try;0;SQL queries;0;McCabe complexity;83
X_GL_DistributionLine;fanin;97;fanout;0;if;0;try;0;SQL queries;0;McCabe complexity;82
MAssignmentSlot;fanin;66;fanout;122;if;8;try;0;SQL queries;0;McCabe complexity;82
X_AD_Tab;fanin;5;fanout;0;if;0;try;0;SQL queries;0;McCabe complexity;82
CalloutInOut;fanin;0;fanout;285;if;30;try;3;SQL queries;4;McCabe complexity;82
X_GL_Journal;fanin;215;fanout;0;if;0;try;0;SQL queries;0;McCabe complexity;81
X_C_InvoiceBatchLine;fanin;80;fanout;0;if;0;try;0;SQL queries;0;McCabe complexity;81
MCash;fanin;40;fanout;276;if;18;try;7;SQL queries;3;McCabe complexity;81
ImpFormat;fanin;8;fanout;174;if;26;try;4;SQL queries;4;McCabe complexity;81
ImportInvoice;fanin;0;fanout;501;if;13;try;2;SQL queries;2;McCabe complexity;81
MWFProcess;fanin;49;fanout;134;if;17;try;3;SQL queries;1;McCabe complexity;80
X_AD_Role;fanin;28;fanout;0;if;0;try;0;SQL queries;0;McCabe complexity;80
MContainer;fanin;16;fanout;224;if;15;try;12;SQL queries;6;McCabe complexity;80
GenericElement;fanin;6;fanout;0;if;0;try;0;SQL queries;0;McCabe complexity;80
X_S_TimeExpenseLine;fanin;129;fanout;0;if;0;try;0;SQL queries;0;McCabe complexity;79
X_AD_Workflow;fanin;69;fanout;0;if;0;try;0;SQL queries;0;McCabe complexity;79
ReplenishReport;fanin;10;fanout;266;if;9;try;4;SQL queries;1;McCabe complexity;79
MLdapProcessor;fanin;10;fanout;164;if;27;try;11;SQL queries;5;McCabe complexity;79
X_AD_Table;fanin;58;fanout;0;if;0;try;0;SQL queries;0;McCabe complexity;78
X_C_RfQ;fanin;57;fanout;0;if;0;try;0;SQL queries;0;McCabe complexity;78
MSystem;fanin;8;fanout;0;if;0;try;0;SQL queries;0;McCabe complexity;78
VO;fanin;1;fanout;0;if;0;try;0;SQL queries;0;McCabe complexity;78
MMeasureCalc;fanin;23;fanout;333;if;14;try;2;SQL queries;1;McCabe complexity;77
X_C_AcctSchema;fanin;92;fanout;0;if;0;try;0;SQL queries;0;McCabe complexity;76
GridWindow;fanin;27;fanout;157;if;12;try;2;SQL queries;1;McCabe complexity;75
MScheduler;fanin;15;fanout;216;if;18;try;9;SQL queries;4;McCabe complexity;75
GridFieldVO;fanin;10;fanout;0;if;0;try;0;SQL queries;0;McCabe complexity;75
MEntityType;fanin;9;fanout;0;if;0;try;0;SQL queries;0;McCabe complexity;75
InvoiceGenerate;fanin;9;fanout;253;if;19;try;3;SQL queries;1;McCabe complexity;75
DunningRunCreate;fanin;7;fanout;138;if;9;try;6;SQL queries;4;McCabe complexity;75
Tax;fanin;28;fanout;279;if;28;try;3;SQL queries;8;McCabe complexity;74
MBankStatement;fanin;21;fanout;209;if;11;try;3;SQL queries;1;McCabe complexity;74
MMeasure;fanin;12;fanout;145;if;14;try;7;SQL queries;3;McCabe complexity;74
ViewImport;fanin;8;fanout;29;if;14;try;1;SQL queries;0;McCabe complexity;74
X_C_PaymentProcessor;fanin;61;fanout;0;if;0;try;0;SQL queries;0;McCabe complexity;73
MInventoryLine;fanin;44;fanout;136;if;19;try;3;SQL queries;2;McCabe complexity;73
X_C_DocType;fanin;130;fanout;0;if;0;try;0;SQL queries;0;McCabe complexity;72
MJournalLine;fanin;59;fanout;152;if;13;try;0;SQL queries;0;McCabe complexity;72
MSchedule;fanin;12;fanout;197;if;20;try;1;SQL queries;0;McCabe complexity;72
MDistribution;fanin;10;fanout;297;if;11;try;4;SQL queries;2;McCabe complexity;72
SubTableUtil;fanin;2;fanout;0;if;0;try;0;SQL queries;0;McCabe complexity;71
X_C_ProjectLine;fanin;115;fanout;0;if;0;try;0;SQL queries;0;McCabe complexity;70
X_C_BP_BankAccount;fanin;87;fanout;0;if;0;try;0;SQL queries;0;McCabe complexity;70
MAsset;fanin;28;fanout;169;if;9;try;6;SQL queries;3;McCabe complexity;70
X_AD_ClientInfo;fanin;9;fanout;0;if;0;try;0;SQL queries;0;McCabe complexity;70
RequisitionPOCreate;fanin;8;fanout;136;if;13;try;2;SQL queries;1;McCabe complexity;70
VolumeTest;fanin;5;fanout;211;if;13;try;4;SQL queries;2;McCabe complexity;70
MPrintFormatItem;fanin;2;fanout;0;if;0;try;0;SQL queries;0;McCabe complexity;70
MSession;fanin;107;fanout;0;if;0;try;0;SQL queries;0;McCabe complexity;69
MTemplate;fanin;13;fanout;116;if;23;try;4;SQL queries;3;McCabe complexity;69
Language;fanin;55;fanout;0;if;0;try;0;SQL queries;0;McCabe complexity;68
ReplicationLocal;fanin;21;fanout;201;if;11;try;9;SQL queries;6;McCabe complexity;68
MCashLine;fanin;18;fanout;203;if;15;try;2;SQL queries;2;McCabe complexity;68
WebEnv;fanin;15;fanout;1009;if;5;try;3;SQL queries;0;McCabe complexity;68
MMovementConfirm;fanin;14;fanout;184;if;24;try;3;SQL queries;1;McCabe complexity;68
UIWindowVO;fanin;3;fanout;0;if;0;try;0;SQL queries;0;McCabe complexity;68
X_AD_Field;fanin;1;fanout;0;if;0;try;0;SQL queries;0;McCabe complexity;68
ProjectIssue;fanin;6;fanout;186;if;2;try;0;SQL queries;0;McCabe complexity;67
ImportGLJournal;fanin;0;fanout;512;if;13;try;4;SQL queries;2;McCabe complexity;67
X_M_Inventory;fanin;90;fanout;0;if;0;try;0;SQL queries;0;McCabe complexity;66
X_AD_ComponentReg;fanin;51;fanout;0;if;0;try;0;SQL queries;0;McCabe complexity;66
RModel;fanin;17;fanout;116;if;4;try;0;SQL queries;0;McCabe complexity;66
DistributionRun;fanin;9;fanout;244;if;20;try;0;SQL queries;0;McCabe complexity;66
GridWorkbench;fanin;5;fanout;86;if;1;try;2;SQL queries;2;McCabe complexity;66
CompierePLAF;fanin;2;fanout;0;if;0;try;0;SQL queries;0;McCabe complexity;66
X_C_Cash;fanin;61;fanout;0;if;0;try;0;SQL queries;0;McCabe complexity;65
Compiere;fanin;44;fanout;0;if;0;try;0;SQL queries;0;McCabe complexity;65
X_CM_CStage;fanin;30;fanout;0;if;0;try;0;SQL queries;0;McCabe complexity;65
MProject;fanin;29;fanout;153;if;8;try;7;SQL queries;3;McCabe complexity;64
MAttributeSet;fanin;25;fanout;109;if;15;try;8;SQL queries;4;McCabe complexity;64
ConcreteElement;fanin;21;fanout;0;if;0;try;0;SQL queries;0;McCabe complexity;64
TranslationMgr;fanin;14;fanout;142;if;11;try;6;SQL queries;5;McCabe complexity;64
X_AD_Process;fanin;13;fanout;0;if;0;try;0;SQL queries;0;McCabe complexity;64
OFXBankStatementHandler;fanin;7;fanout;58;if;25;try;5;SQL queries;0;McCabe complexity;64
MLanguage;fanin;4;fanout;0;if;0;try;0;SQL queries;0;McCabe complexity;64
X_C_ValidCombination;fanin;136;fanout;0;if;0;try;0;SQL queries;0;McCabe complexity;63
ImpFormatRow;fanin;26;fanout;73;if;9;try;4;SQL queries;0;McCabe complexity;63
X_I_Inventory;fanin;21;fanout;0;if;0;try;0;SQL queries;0;McCabe complexity;63
MergeProcess;fanin;11;fanout;163;if;29;try;9;SQL queries;10;McCabe complexity;62
RModelData;fanin;5;fanout;132;if;12;try;2;SQL queries;1;McCabe complexity;62
X_I_ElementValue;fanin;5;fanout;0;if;0;try;0;SQL queries;0;McCabe complexity;62
ModelValidationEngine;fanin;62;fanout;0;if;0;try;0;SQL queries;0;McCabe complexity;61
X_CM_Container;fanin;47;fanout;0;if;0;try;0;SQL queries;0;McCabe complexity;61
FileUtil;fanin;8;fanout;89;if;22;try;1;SQL queries;0;McCabe complexity;61
X_M_CostDetail;fanin;117;fanout;0;if;0;try;0;SQL queries;0;McCabe complexity;60
X_GL_JournalBatch;fanin;110;fanout;0;if;0;try;0;SQL queries;0;McCabe complexity;60
X_M_Movement;fanin;75;fanout;0;if;0;try;0;SQL queries;0;McCabe complexity;60
MDocTypeCounter;fanin;26;fanout;123;if;9;try;2;SQL queries;1;McCabe complexity;60
CContext;fanin;11;fanout;0;if;0;try;0;SQL queries;0;McCabe complexity;60
X_C_RfQResponse;fanin;75;fanout;0;if;0;try;0;SQL queries;0;McCabe complexity;59
MRequestType;fanin;19;fanout;131;if;12;try;6;SQL queries;3;McCabe complexity;59
CTreeNode;fanin;17;fanout;0;if;0;try;0;SQL queries;0;McCabe complexity;59
X_AD_Process_Para;fanin;5;fanout;0;if;0;try;0;SQL queries;0;McCabe complexity;59
TrialBalance;fanin;3;fanout;265;if;7;try;0;SQL queries;0;McCabe complexity;59
X_M_Requisition;fanin;54;fanout;0;if;0;try;0;SQL queries;0;McCabe complexity;58
X_AD_Client;fanin;47;fanout;0;if;0;try;0;SQL queries;0;McCabe complexity;58
MMedia;fanin;18;fanout;82;if;7;try;6;SQL queries;3;McCabe complexity;58
X_PA_Goal;fanin;60;fanout;0;if;0;try;0;SQL queries;0;McCabe complexity;57
MProjectLine;fanin;20;fanout;160;if;14;try;0;SQL queries;0;McCabe complexity;57
X_C_AcctSchema_Element;fanin;4;fanout;0;if;0;try;0;SQL queries;0;McCabe complexity;57
CalloutPayment;fanin;2;fanout;198;if;22;try;3;SQL queries;3;McCabe complexity;57
MReportLine;fanin;32;fanout;109;if;7;try;2;SQL queries;1;McCabe complexity;56
MTimeExpense;fanin;23;fanout;134;if;7;try;5;SQL queries;2;McCabe complexity;56
Lookup;fanin;16;fanout;0;if;0;try;0;SQL queries;0;McCabe complexity;56
Evaluator;fanin;14;fanout;0;if;0;try;0;SQL queries;0;McCabe complexity;56
ChangeLogProcess;fanin;12;fanout;173;if;20;try;4;SQL queries;2;McCabe complexity;56
X_GL_JournalLine;fanin;86;fanout;0;if;0;try;0;SQL queries;0;McCabe complexity;55
X_AD_Schedule;fanin;82;fanout;0;if;0;try;0;SQL queries;0;McCabe complexity;55
X_C_Tax;fanin;72;fanout;0;if;0;try;0;SQL queries;0;McCabe complexity;55
MPaymentValidate;fanin;43;fanout;84;if;12;try;6;SQL queries;0;McCabe complexity;55
MReportColumn;fanin;42;fanout;115;if;6;try;0;SQL queries;0;McCabe complexity;55
X_C_ProjectPhase;fanin;39;fanout;0;if;0;try;0;SQL queries;0;McCabe complexity;55
X_T_Replenish;fanin;29;fanout;0;if;0;try;0;SQL queries;0;McCabe complexity;55
X_M_Product_PO;fanin;27;fanout;0;if;0;try;0;SQL queries;0;McCabe complexity;55
MProcess;fanin;7;fanout;0;if;0;try;0;SQL queries;0;McCabe complexity;55
X_M_CostUpdate;fanin;7;fanout;0;if;0;try;0;SQL queries;0;McCabe complexity;55
MLocatorLookup;fanin;6;fanout;0;if;0;try;0;SQL queries;0;McCabe complexity;55
ChangeVO;fanin;109;fanout;0;if;0;try;0;SQL queries;0;McCabe complexity;54
X_C_BP_Group;fanin;32;fanout;0;if;0;try;0;SQL queries;0;McCabe complexity;54
MRequisition;fanin;25;fanout;150;if;8;try;3;SQL queries;1;McCabe complexity;54
MInvoiceBatchLine;fanin;17;fanout;97;if;15;try;2;SQL queries;1;McCabe complexity;54
X_AD_ComponentRegUpdate;fanin;11;fanout;0;if;0;try;0;SQL queries;0;McCabe complexity;54
X_C_ElementValue;fanin;7;fanout;0;if;0;try;0;SQL queries;0;McCabe complexity;54
X_T_InvoiceGL;fanin;6;fanout;0;if;0;try;0;SQL queries;0;McCabe complexity;54
X_M_InventoryLine;fanin;115;fanout;0;if;0;try;0;SQL queries;0;McCabe complexity;53
X_C_BankStatement;fanin;85;fanout;0;if;0;try;0;SQL queries;0;McCabe complexity;53
X_M_BOMProduct;fanin;39;fanout;0;if;0;try;0;SQL queries;0;McCabe complexity;53
MCostElement;fanin;35;fanout;0;if;0;try;0;SQL queries;0;McCabe complexity;53
X_C_PaymentTerm;fanin;23;fanout;0;if;0;try;0;SQL queries;0;McCabe complexity;53
X_W_Advertisement;fanin;8;fanout;0;if;0;try;0;SQL queries;0;McCabe complexity;53
MMatchInv;fanin;7;fanout;120;if;8;try;11;SQL queries;6;McCabe complexity;53
X_AD_PrintFormat;fanin;7;fanout;0;if;0;try;0;SQL queries;0;McCabe complexity;53
X_M_InOutConfirm;fanin;56;fanout;0;if;0;try;0;SQL queries;0;McCabe complexity;52
MRfQResponse;fanin;22;fanout;119;if;7;try;2;SQL queries;1;McCabe complexity;52
X_M_Product_Costing;fanin;17;fanout;0;if;0;try;0;SQL queries;0;McCabe complexity;52
MTimeExpenseLine;fanin;15;fanout;111;if;17;try;1;SQL queries;1;McCabe complexity;52
BOMValidate;fanin;11;fanout;174;if;14;try;6;SQL queries;3;McCabe complexity;52
X_S_ResourceType;fanin;7;fanout;0;if;0;try;0;SQL queries;0;McCabe complexity;52
input;fanin;5;fanout;0;if;0;try;0;SQL queries;0;McCabe complexity;52
TableCreateColumns;fanin;4;fanout;163;if;17;try;0;SQL queries;0;McCabe complexity;52
X_M_MatchPO;fanin;113;fanout;0;if;0;try;0;SQL queries;0;McCabe complexity;51
X_C_Recurring;fanin;48;fanout;0;if;0;try;0;SQL queries;0;McCabe complexity;51
X_C_DunningLevel;fanin;25;fanout;0;if;0;try;0;SQL queries;0;McCabe complexity;51
MCStage;fanin;14;fanout;134;if;8;try;6;SQL queries;3;McCabe complexity;51
td;fanin;256;fanout;0;if;0;try;0;SQL queries;0;McCabe complexity;50
X_AD_WF_Activity;fanin;109;fanout;0;if;0;try;0;SQL queries;0;McCabe complexity;50
X_C_AllocationHdr;fanin;95;fanout;0;if;0;try;0;SQL queries;0;McCabe complexity;50
AssetDelivery;fanin;3;fanout;145;if;10;try;2;SQL queries;1;McCabe complexity;50
SvrProcess;fanin;2554;fanout;0;if;0;try;0;SQL queries;0;McCabe complexity;49
WebSessionCtx;fanin;20;fanout;122;if;14;try;0;SQL queries;0;McCabe complexity;49
X_AD_Color;fanin;15;fanout;0;if;0;try;0;SQL queries;0;McCabe complexity;49
PrintUtil;fanin;2;fanout;0;if;0;try;0;SQL queries;0;McCabe complexity;49
ImportBPartner;fanin;0;fanout;409;if;21;try;1;SQL queries;1;McCabe complexity;49
X_C_CashLine;fanin;110;fanout;0;if;0;try;0;SQL queries;0;McCabe complexity;48
X_AD_WF_EventAudit;fanin;29;fanout;0;if;0;try;0;SQL queries;0;McCabe complexity;48
Scriptlet;fanin;29;fanout;194;if;9;try;6;SQL queries;0;McCabe complexity;48
X_C_CommissionLine;fanin;29;fanout;0;if;0;try;0;SQL queries;0;McCabe complexity;48
X_M_Transaction;fanin;24;fanout;0;if;0;try;0;SQL queries;0;McCabe complexity;48
X_AD_EntityType;fanin;21;fanout;0;if;0;try;0;SQL queries;0;McCabe complexity;48
MAllocationLine;fanin;17;fanout;102;if;13;try;0;SQL queries;0;McCabe complexity;48
MAttachmentEntry;fanin;11;fanout;0;if;0;try;0;SQL queries;0;McCabe complexity;48
X_C_Country;fanin;2;fanout;0;if;0;try;0;SQL queries;0;McCabe complexity;48
X_RV_WarehousePrice;fanin;1;fanout;0;if;0;try;0;SQL queries;0;McCabe complexity;48
InvoicePrint;fanin;0;fanout;142;if;19;try;1;SQL queries;1;McCabe complexity;48
X_M_AttributeSet;fanin;61;fanout;0;if;0;try;0;SQL queries;0;McCabe complexity;47
X_PA_ReportLine;fanin;58;fanout;0;if;0;try;0;SQL queries;0;McCabe complexity;47
X_C_ProjectTask;fanin;23;fanout;0;if;0;try;0;SQL queries;0;McCabe complexity;47
X_AD_Registration;fanin;16;fanout;0;if;0;try;0;SQL queries;0;McCabe complexity;47
X_M_Locator;fanin;12;fanout;0;if;0;try;0;SQL queries;0;McCabe complexity;47
CalloutInvoiceBatch;fanin;8;fanout;94;if;12;try;3;SQL queries;2;McCabe complexity;47
X_C_BankStatementLoader;fanin;5;fanout;0;if;0;try;0;SQL queries;0;McCabe complexity;47
InvoiceNGL;fanin;3;fanout;145;if;6;try;2;SQL queries;1;McCabe complexity;47
InventoryCountCreate;fanin;1;fanout;99;if;9;try;2;SQL queries;1;McCabe complexity;47
ColumnSync;fanin;1;fanout;133;if;21;try;3;SQL queries;1;McCabe complexity;47
ImportBankStatement;fanin;0;fanout;281;if;16;try;2;SQL queries;3;McCabe complexity;47
X_M_MovementLine;fanin;107;fanout;0;if;0;try;0;SQL queries;0;McCabe complexity;46
X_C_AllocationLine;fanin;90;fanout;0;if;0;try;0;SQL queries;0;McCabe complexity;46
X_PA_Measure;fanin;41;fanout;0;if;0;try;0;SQL queries;0;McCabe complexity;46
X_A_Asset_Delivery;fanin;24;fanout;0;if;0;try;0;SQL queries;0;McCabe complexity;46
MBOMProduct;fanin;23;fanout;174;if;14;try;6;SQL queries;3;McCabe complexity;46
X_I_Conversion_Rate;fanin;18;fanout;0;if;0;try;0;SQL queries;0;McCabe complexity;46
X_CM_Ad;fanin;10;fanout;0;if;0;try;0;SQL queries;0;McCabe complexity;46
X_M_CostUpdateLine;fanin;4;fanout;0;if;0;try;0;SQL queries;0;McCabe complexity;46
MMailText;fanin;83;fanout;110;if;10;try;2;SQL queries;1;McCabe complexity;45
X_C_PaySelectionLine;fanin;77;fanout;0;if;0;try;0;SQL queries;0;McCabe complexity;45
X_AD_Element;fanin;8;fanout;0;if;0;try;0;SQL queries;0;McCabe complexity;45
InvoiceWriteOff;fanin;6;fanout;136;if;12;try;2;SQL queries;1;McCabe complexity;45
ImportPayment;fanin;0;fanout;328;if;3;try;1;SQL queries;1;McCabe complexity;45
RequestUpdate;fanin;0;fanout;93;if;5;try;2;SQL queries;1;McCabe complexity;45
X_M_MatchInv;fanin;31;fanout;0;if;0;try;0;SQL queries;0;McCabe complexity;44
X_PA_ReportSource;fanin;19;fanout;0;if;0;try;0;SQL queries;0;McCabe complexity;44
MIndex;fanin;18;fanout;93;if;10;try;3;SQL queries;3;McCabe complexity;44
MBPBankAccount;fanin;13;fanout;59;if;13;try;4;SQL queries;2;McCabe complexity;44
MAttributeSetInstance;fanin;10;fanout;87;if;14;try;2;SQL queries;1;McCabe complexity;44
MLocator;fanin;7;fanout;0;if;0;try;0;SQL queries;0;McCabe complexity;44
ImportAccount;fanin;3;fanout;304;if;19;try;6;SQL queries;6;McCabe complexity;44
ImportProduct;fanin;0;fanout;282;if;11;try;5;SQL queries;6;McCabe complexity;44
X_M_Cost;fanin;131;fanout;0;if;0;try;0;SQL queries;0;McCabe complexity;43
ResponseVO;fanin;38;fanout;0;if;0;try;0;SQL queries;0;McCabe complexity;43
X_I_Contact;fanin;24;fanout;0;if;0;try;0;SQL queries;0;McCabe complexity;43
X_R_RequestProcessor;fanin;15;fanout;0;if;0;try;0;SQL queries;0;McCabe complexity;43
MPaymentAllocate;fanin;10;fanout;158;if;11;try;3;SQL queries;2;McCabe complexity;43
PriceListCreate;fanin;5;fanout;130;if;12;try;2;SQL queries;3;McCabe complexity;43
X_C_DunningRunLine;fanin;65;fanout;0;if;0;try;0;SQL queries;0;McCabe complexity;42
X_S_TimeExpense;fanin;48;fanout;0;if;0;try;0;SQL queries;0;McCabe complexity;42
X_C_TaxDeclarationLine;fanin;25;fanout;0;if;0;try;0;SQL queries;0;McCabe complexity;42
X_AD_Replication;fanin;24;fanout;0;if;0;try;0;SQL queries;0;McCabe complexity;42
X_AD_ChangeLog;fanin;15;fanout;0;if;0;try;0;SQL queries;0;McCabe complexity;42
X_AD_InfoColumn;fanin;14;fanout;0;if;0;try;0;SQL queries;0;McCabe complexity;42
MDistributionLine;fanin;12;fanout;61;if;4;try;0;SQL queries;0;McCabe complexity;42
a;fanin;11;fanout;0;if;0;try;0;SQL queries;0;McCabe complexity;42
MDiscountSchema;fanin;8;fanout;75;if;9;try;4;SQL queries;2;McCabe complexity;42
X_A_Registration;fanin;8;fanout;0;if;0;try;0;SQL queries;0;McCabe complexity;42
SendMailText;fanin;4;fanout;91;if;5;try;4;SQL queries;2;McCabe complexity;42
ExpenseSOrder;fanin;4;fanout;153;if;11;try;2;SQL queries;1;McCabe complexity;42
PaySelectionCreateFrom;fanin;0;fanout;79;if;7;try;2;SQL queries;1;McCabe complexity;42
X_C_ProjectIssue;fanin;63;fanout;0;if;0;try;0;SQL queries;0;McCabe complexity;41
MWarehouse;fanin;41;fanout;0;if;0;try;0;SQL queries;0;McCabe complexity;41
X_CM_WebProject;fanin;27;fanout;0;if;0;try;0;SQL queries;0;McCabe complexity;41
MBankStatementLine;fanin;14;fanout;89;if;8;try;1;SQL queries;1;McCabe complexity;41
MWFNextCondition;fanin;8;fanout;77;if;2;try;3;SQL queries;0;McCabe complexity;41
th;fanin;6;fanout;0;if;0;try;0;SQL queries;0;McCabe complexity;41
MProductDownload;fanin;4;fanout;68;if;12;try;5;SQL queries;1;McCabe complexity;41
OrderPOCreate;fanin;2;fanout;123;if;9;try;4;SQL queries;2;McCabe complexity;41
ImportRequest;fanin;0;fanout;473;if;2;try;1;SQL queries;1;McCabe complexity;41
table;fanin;82;fanout;0;if;0;try;0;SQL queries;0;McCabe complexity;40
X_R_Status;fanin;41;fanout;0;if;0;try;0;SQL queries;0;McCabe complexity;40
X_R_RequestType;fanin;40;fanout;0;if;0;try;0;SQL queries;0;McCabe complexity;40
X_M_Product_Category_Acct;fanin;15;fanout;0;if;0;try;0;SQL queries;0;McCabe complexity;40
ReplicationRemote;fanin;8;fanout;80;if;4;try;1;SQL queries;0;McCabe complexity;40
NaturalAccountMap;fanin;5;fanout;69;if;3;try;2;SQL queries;0;McCabe complexity;40
UIWindow;fanin;5;fanout;0;if;0;try;0;SQL queries;0;McCabe complexity;40
X_AD_ImpFormat_Row;fanin;4;fanout;0;if;0;try;0;SQL queries;0;McCabe complexity;40
X_AD_Menu;fanin;3;fanout;0;if;0;try;0;SQL queries;0;McCabe complexity;40
RfQResponseRank;fanin;2;fanout;79;if;12;try;0;SQL queries;0;McCabe complexity;40
CommissionCalc;fanin;2;fanout;158;if;16;try;2;SQL queries;1;McCabe complexity;40
X_C_PaySelectionCheck;fanin;84;fanout;0;if;0;try;0;SQL queries;0;McCabe complexity;39
X_C_Commission;fanin;24;fanout;0;if;0;try;0;SQL queries;0;McCabe complexity;39
MRequisitionLine;fanin;19;fanout;114;if;6;try;0;SQL queries;0;McCabe complexity;39
SecureEngine;fanin;13;fanout;0;if;0;try;0;SQL queries;0;McCabe complexity;39
MCostQueue;fanin;10;fanout;96;if;12;try;4;SQL queries;2;McCabe complexity;39
FinBalance;fanin;9;fanout;90;if;10;try;0;SQL queries;0;McCabe complexity;39
MFactAccumulation;fanin;7;fanout;92;if;11;try;2;SQL queries;1;McCabe complexity;39
X_C_POS;fanin;5;fanout;0;if;0;try;0;SQL queries;0;McCabe complexity;39
AcctSchemaCopyAcct;fanin;4;fanout;82;if;0;try;0;SQL queries;0;McCabe complexity;39
MPInstance;fanin;2;fanout;0;if;0;try;0;SQL queries;0;McCabe complexity;39
X_AD_WF_Process;fanin;45;fanout;0;if;0;try;0;SQL queries;0;McCabe complexity;38
X_C_InvoiceSchedule;fanin;16;fanout;0;if;0;try;0;SQL queries;0;McCabe complexity;38
X_C_AcctProcessor;fanin;11;fanout;0;if;0;try;0;SQL queries;0;McCabe complexity;38
X_PA_Hierarchy;fanin;8;fanout;0;if;0;try;0;SQL queries;0;McCabe complexity;38
X_AD_WorkflowProcessor;fanin;6;fanout;0;if;0;try;0;SQL queries;0;McCabe complexity;38
MUserQuery;fanin;2;fanout;0;if;0;try;0;SQL queries;0;McCabe complexity;38
DunningPrint;fanin;1;fanout;139;if;21;try;0;SQL queries;0;McCabe complexity;38
X_CM_ChatEntry;fanin;19;fanout;0;if;0;try;0;SQL queries;0;McCabe complexity;37
BankStatementPayment;fanin;12;fanout;300;if;8;try;0;SQL queries;0;McCabe complexity;37
Strip;fanin;8;fanout;78;if;4;try;5;SQL queries;0;McCabe complexity;37
X_C_TaxDeclarationAcct;fanin;4;fanout;0;if;0;try;0;SQL queries;0;McCabe complexity;37
img;fanin;4;fanout;0;if;0;try;0;SQL queries;0;McCabe complexity;37
FinStatement;fanin;3;fanout;184;if;6;try;0;SQL queries;0;McCabe complexity;37
option;fanin;2;fanout;0;if;0;try;0;SQL queries;0;McCabe complexity;37
MCountry;fanin;1;fanout;0;if;0;try;0;SQL queries;0;McCabe complexity;37
WebDoc;fanin;63;fanout;117;if;2;try;0;SQL queries;0;McCabe complexity;36
X_M_MovementConfirm;fanin;36;fanout;0;if;0;try;0;SQL queries;0;McCabe complexity;36
X_PA_SLA_Goal;fanin;30;fanout;0;if;0;try;0;SQL queries;0;McCabe complexity;36
X_M_Warehouse;fanin;30;fanout;0;if;0;try;0;SQL queries;0;McCabe complexity;36
X_CM_Template;fanin;28;fanout;0;if;0;try;0;SQL queries;0;McCabe complexity;36
MTax;fanin;22;fanout;96;if;3;try;6;SQL queries;3;McCabe complexity;36
MPaymentTerm;fanin;19;fanout;108;if;9;try;2;SQL queries;1;McCabe complexity;36
X_C_InvoiceBatch;fanin;16;fanout;0;if;0;try;0;SQL queries;0;McCabe complexity;36
FactAcctReset;fanin;3;fanout;32;if;1;try;2;SQL queries;1;McCabe complexity;36
X_C_BPartner_Location;fanin;81;fanout;0;if;0;try;0;SQL queries;0;McCabe complexity;35
X_M_RequisitionLine;fanin;78;fanout;0;if;0;try;0;SQL queries;0;McCabe complexity;35
X_M_InOutLineConfirm;fanin;49;fanout;0;if;0;try;0;SQL queries;0;McCabe complexity;35
X_C_DunningRunEntry;fanin;34;fanout;0;if;0;try;0;SQL queries;0;McCabe complexity;35
X_M_Product_Category;fanin;24;fanout;0;if;0;try;0;SQL queries;0;McCabe complexity;35
X_PA_MeasureCalc;fanin;24;fanout;0;if;0;try;0;SQL queries;0;McCabe complexity;35
X_C_BankAccount;fanin;23;fanout;0;if;0;try;0;SQL queries;0;McCabe complexity;35
X_AD_Scheduler;fanin;22;fanout;0;if;0;try;0;SQL queries;0;McCabe complexity;35
X_AD_Session;fanin;10;fanout;0;if;0;try;0;SQL queries;0;McCabe complexity;35
MDocAction;fanin;10;fanout;62;if;10;try;0;SQL queries;0;McCabe complexity;35
MImage;fanin;10;fanout;38;if;3;try;6;SQL queries;0;McCabe complexity;35
X_T_DistributionRunDetail;fanin;43;fanout;0;if;0;try;0;SQL queries;0;McCabe complexity;34
X_PA_ColorSchema;fanin;38;fanout;0;if;0;try;0;SQL queries;0;McCabe complexity;34
X_M_DiscountSchema;fanin;22;fanout;0;if;0;try;0;SQL queries;0;McCabe complexity;34
RColumn;fanin;18;fanout;6;if;9;try;0;SQL queries;0;McCabe complexity;34
X_AD_AlertRule;fanin;15;fanout;0;if;0;try;0;SQL queries;0;McCabe complexity;34
MReturnPolicy;fanin;9;fanout;105;if;3;try;7;SQL queries;4;McCabe complexity;34
MBPartnerLocation;fanin;8;fanout;38;if;9;try;2;SQL queries;1;McCabe complexity;34
ElementAttributes;fanin;8;fanout;0;if;0;try;0;SQL queries;0;McCabe complexity;34
EntityTypeRegister;fanin;3;fanout;124;if;2;try;4;SQL queries;0;McCabe complexity;34
DistributionCreate;fanin;1;fanout;90;if;6;try;0;SQL queries;0;McCabe complexity;34
X_AD_Sequence;fanin;1;fanout;0;if;0;try;0;SQL queries;0;McCabe complexity;34
ImportConversionRate;fanin;0;fanout;160;if;3;try;2;SQL queries;1;McCabe complexity;34
X_M_Storage;fanin;188;fanout;0;if;0;try;0;SQL queries;0;McCabe complexity;33
MDocType;fanin;59;fanout;0;if;0;try;0;SQL queries;0;McCabe complexity;33
MConversionRate;fanin;46;fanout;0;if;0;try;0;SQL queries;0;McCabe complexity;33
X_PA_Report;fanin;25;fanout;0;if;0;try;0;SQL queries;0;McCabe complexity;33
DataStatusEvent;fanin;17;fanout;19;if;0;try;0;SQL queries;0;McCabe complexity;33
X_PA_GoalRestriction;fanin;11;fanout;0;if;0;try;0;SQL queries;0;McCabe complexity;33
MDunningRunEntry;fanin;10;fanout;69;if;8;try;4;SQL queries;2;McCabe complexity;33
MAttribute;fanin;5;fanout;147;if;7;try;6;SQL queries;3;McCabe complexity;33
form;fanin;4;fanout;0;if;0;try;0;SQL queries;0;McCabe complexity;33
PrintInfo;fanin;2;fanout;0;if;0;try;0;SQL queries;0;McCabe complexity;33
MWindow;fanin;2;fanout;0;if;0;try;0;SQL queries;0;McCabe complexity;33
MDataMigration;fanin;2;fanout;71;if;5;try;4;SQL queries;2;McCabe complexity;33
M_Element;fanin;1;fanout;0;if;0;try;0;SQL queries;0;McCabe complexity;33
X_C_Location;fanin;83;fanout;0;if;0;try;0;SQL queries;0;McCabe complexity;32
X_C_PaymentAllocate;fanin;44;fanout;0;if;0;try;0;SQL queries;0;McCabe complexity;32
X_M_MovementLineConfirm;fanin;33;fanout;0;if;0;try;0;SQL queries;0;McCabe complexity;32
MRfQResponseLineQty;fanin;30;fanout;45;if;7;try;0;SQL queries;0;McCabe complexity;32
X_M_BOM;fanin;23;fanout;0;if;0;try;0;SQL queries;0;McCabe complexity;32
MDunningRunLine;fanin;18;fanout;134;if;7;try;0;SQL queries;0;McCabe complexity;32
X_C_CommissionDetail;fanin;18;fanout;0;if;0;try;0;SQL queries;0;McCabe complexity;32
X_M_ChangeRequest;fanin;16;fanout;0;if;0;try;0;SQL queries;0;McCabe complexity;32
MTableIndex;fanin;12;fanout;82;if;4;try;6;SQL queries;3;McCabe complexity;32
X_AD_WF_NextCondition;fanin;11;fanout;0;if;0;try;0;SQL queries;0;McCabe complexity;32
CacheMgt;fanin;10;fanout;0;if;0;try;0;SQL queries;0;McCabe complexity;32
X_AD_Note;fanin;9;fanout;0;if;0;try;0;SQL queries;0;McCabe complexity;32
X_AD_AlertProcessor;fanin;7;fanout;0;if;0;try;0;SQL queries;0;McCabe complexity;32
X_M_ProductLocator;fanin;6;fanout;0;if;0;try;0;SQL queries;0;McCabe complexity;32
X_AD_UserPreference;fanin;6;fanout;0;if;0;try;0;SQL queries;0;McCabe complexity;32
X_AD_LoginMsg;fanin;5;fanout;0;if;0;try;0;SQL queries;0;McCabe complexity;32
MProjectType;fanin;4;fanout;72;if;5;try;2;SQL queries;1;McCabe complexity;32
MInvoiceSchedule;fanin;4;fanout;78;if;5;try;0;SQL queries;0;McCabe complexity;32
RequestInvoice;fanin;4;fanout;60;if;3;try;2;SQL queries;1;McCabe complexity;32
UniqueID;fanin;1;fanout;0;if;0;try;0;SQL queries;0;McCabe complexity;32
X_AD_Form;fanin;1;fanout;0;if;0;try;0;SQL queries;0;McCabe complexity;32
PO_LOB;fanin;1;fanout;0;if;0;try;0;SQL queries;0;McCabe complexity;32
Aging;fanin;0;fanout;72;if;5;try;2;SQL queries;1;McCabe complexity;32
X_C_LandedCost;fanin;45;fanout;0;if;0;try;0;SQL queries;0;McCabe complexity;31
X_C_RfQLineQty;fanin;38;fanout;0;if;0;try;0;SQL queries;0;McCabe complexity;31
X_C_InvoicePaySchedule;fanin;27;fanout;0;if;0;try;0;SQL queries;0;McCabe complexity;31
X_AD_ViewComponent;fanin;18;fanout;0;if;0;try;0;SQL queries;0;McCabe complexity;31
X_I_InOutLineConfirm;fanin;11;fanout;0;if;0;try;0;SQL queries;0;McCabe complexity;31
MClick;fanin;6;fanout;51;if;5;try;4;SQL queries;2;McCabe complexity;31
X_AD_Language;fanin;5;fanout;0;if;0;try;0;SQL queries;0;McCabe complexity;31
TranslationTable;fanin;3;fanout;0;if;0;try;0;SQL queries;0;McCabe complexity;31
AcctDistribution;fanin;3;fanout;113;if;14;try;2;SQL queries;1;McCabe complexity;31
X_C_AcctSchema_GL;fanin;2;fanout;0;if;0;try;0;SQL queries;0;McCabe complexity;31
GridWindowVO;fanin;1;fanout;0;if;0;try;0;SQL queries;0;McCabe complexity;31
MRfQ;fanin;21;fanout;72;if;2;try;4;SQL queries;2;McCabe complexity;30
X_W_MailMsg;fanin;17;fanout;0;if;0;try;0;SQL queries;0;McCabe complexity;30
MInvoiceTax;fanin;14;fanout;78;if;4;try;4;SQL queries;2;McCabe complexity;30
X_CM_Media;fanin;12;fanout;0;if;0;try;0;SQL queries;0;McCabe complexity;30
X_K_Index;fanin;8;fanout;0;if;0;try;0;SQL queries;0;McCabe complexity;30
MTab;fanin;3;fanout;0;if;0;try;0;SQL queries;0;McCabe complexity;30
StorageCleanup;fanin;3;fanout;118;if;6;try;4;SQL queries;2;McCabe complexity;30
ExpenseAPInvoice;fanin;2;fanout;118;if;3;try;2;SQL queries;1;McCabe complexity;30
ViewCreate;fanin;0;fanout;45;if;13;try;3;SQL queries;1;McCabe complexity;30
PaymentProcessor;fanin;111;fanout;108;if;5;try;4;SQL queries;0;McCabe complexity;29
MUOM;fanin;102;fanout;53;if;2;try;2;SQL queries;2;McCabe complexity;29
MReportTree;fanin;53;fanout;93;if;8;try;1;SQL queries;1;McCabe complexity;29
X_C_PaySelection;fanin;29;fanout;0;if;0;try;0;SQL queries;0;McCabe complexity;29
X_CM_Media_Server;fanin;28;fanout;0;if;0;try;0;SQL queries;0;McCabe complexity;29
MContactInterest;fanin;15;fanout;87;if;5;try;2;SQL queries;1;McCabe complexity;29
X_C_Task;fanin;10;fanout;0;if;0;try;0;SQL queries;0;McCabe complexity;29
X_W_Click;fanin;10;fanout;0;if;0;try;0;SQL queries;0;McCabe complexity;29
MMediaServer;fanin;9;fanout;97;if;8;try;8;SQL queries;1;McCabe complexity;29
X_AD_LdapAccess;fanin;8;fanout;0;if;0;try;0;SQL queries;0;McCabe complexity;29
X_AD_Alert;fanin;7;fanout;0;if;0;try;0;SQL queries;0;McCabe complexity;29
MWFNodeNext;fanin;7;fanout;63;if;6;try;2;SQL queries;1;McCabe complexity;29
Task;fanin;6;fanout;30;if;4;try;5;SQL queries;0;McCabe complexity;29
MBPGroup;fanin;5;fanout;31;if;3;try;4;SQL queries;2;McCabe complexity;29
OrgOwnership;fanin;4;fanout;350;if;1;try;0;SQL queries;0;McCabe complexity;29
X_C_Conversion_Rate;fanin;3;fanout;0;if;0;try;0;SQL queries;0;McCabe complexity;29
MWarehousePrice;fanin;2;fanout;118;if;5;try;4;SQL queries;2;McCabe complexity;29
TreeMaintenance;fanin;1;fanout;94;if;2;try;2;SQL queries;1;McCabe complexity;29
CLogger;fanin;338;fanout;0;if;0;try;0;SQL queries;0;McCabe complexity;28
X_C_DocTypeCounter;fanin;57;fanout;0;if;0;try;0;SQL queries;0;McCabe complexity;28
X_C_RfQLine;fanin;47;fanout;0;if;0;try;0;SQL queries;0;McCabe complexity;28
X_M_PriceList;fanin;27;fanout;0;if;0;try;0;SQL queries;0;McCabe complexity;28
X_C_LandedCostAllocation;fanin;24;fanout;0;if;0;try;0;SQL queries;0;McCabe complexity;28
X_PA_SLA_Measure;fanin;21;fanout;0;if;0;try;0;SQL queries;0;McCabe complexity;28
X_AD_UserMail;fanin;19;fanout;0;if;0;try;0;SQL queries;0;McCabe complexity;28
X_S_Resource;fanin;17;fanout;0;if;0;try;0;SQL queries;0;McCabe complexity;28
X_R_RequestUpdate;fanin;17;fanout;0;if;0;try;0;SQL queries;0;McCabe complexity;28
X_C_CommissionRun;fanin;17;fanout;0;if;0;try;0;SQL queries;0;McCabe complexity;28
X_C_PaySchedule;fanin;16;fanout;0;if;0;try;0;SQL queries;0;McCabe complexity;28
MOrderTax;fanin;15;fanout;80;if;5;try;4;SQL queries;2;McCabe complexity;28
MMovementLine;fanin;14;fanout;49;if;10;try;0;SQL queries;0;McCabe complexity;28
BankStatementMatcher;fanin;12;fanout;127;if;5;try;0;SQL queries;0;McCabe complexity;28
X_A_Asset_Group;fanin;11;fanout;0;if;0;try;0;SQL queries;0;McCabe complexity;28
X_CM_Chat;fanin;11;fanout;0;if;0;try;0;SQL queries;0;McCabe complexity;28
MPaySelectionLine;fanin;11;fanout;77;if;4;try;3;SQL queries;2;McCabe complexity;28
X_CM_WikiToken;fanin;7;fanout;0;if;0;try;0;SQL queries;0;McCabe complexity;28
MRegistration;fanin;6;fanout;62;if;2;try;4;SQL queries;2;McCabe complexity;28
X_AD_InfoWindow;fanin;5;fanout;0;if;0;try;0;SQL queries;0;McCabe complexity;28
X_AD_PInstance;fanin;5;fanout;0;if;0;try;0;SQL queries;0;McCabe complexity;28
MChangeLog;fanin;5;fanout;0;if;0;try;0;SQL queries;0;McCabe complexity;28
X_M_ProductionLine;fanin;4;fanout;0;if;0;try;0;SQL queries;0;McCabe complexity;28
MAlert;fanin;4;fanout;52;if;2;try;4;SQL queries;2;McCabe complexity;28
MAging;fanin;1;fanout;85;if;3;try;0;SQL queries;0;McCabe complexity;28
ImportInventory;fanin;0;fanout;187;if;7;try;1;SQL queries;1;McCabe complexity;28
X_C_Period;fanin;50;fanout;0;if;0;try;0;SQL queries;0;McCabe complexity;27
X_M_CostQueue;fanin;35;fanout;0;if;0;try;0;SQL queries;0;McCabe complexity;27
MPriceList;fanin;30;fanout;49;if;4;try;4;SQL queries;2;McCabe complexity;27
X_AD_OrgInfo;fanin;20;fanout;0;if;0;try;0;SQL queries;0;McCabe complexity;27
body;fanin;20;fanout;0;if;0;try;0;SQL queries;0;McCabe complexity;27
MProductCategory;fanin;14;fanout;37;if;2;try;6;SQL queries;3;McCabe complexity;27
MStatus;fanin;14;fanout;46;if;2;try;4;SQL queries;2;McCabe complexity;27
X_C_Currency;fanin;12;fanout;0;if;0;try;0;SQL queries;0;McCabe complexity;27
OFX1ToXML;fanin;9;fanout;50;if;8;try;1;SQL queries;0;McCabe complexity;27
X_C_Charge;fanin;9;fanout;0;if;0;try;0;SQL queries;0;McCabe complexity;27
X_AD_PInstance_Para;fanin;8;fanout;0;if;0;try;0;SQL queries;0;McCabe complexity;27
X_M_Package;fanin;6;fanout;0;if;0;try;0;SQL queries;0;McCabe complexity;27
X_C_Campaign;fanin;4;fanout;0;if;0;try;0;SQL queries;0;McCabe complexity;27
MRecurring;fanin;4;fanout;114;if;10;try;0;SQL queries;0;McCabe complexity;27
MProcessPara;fanin;2;fanout;0;if;0;try;0;SQL queries;0;McCabe complexity;27
AllocationReset;fanin;2;fanout;55;if;4;try;2;SQL queries;1;McCabe complexity;27
MRoleOrgAccess;fanin;1;fanout;0;if;0;try;0;SQL queries;0;McCabe complexity;27
BPartnerOrgLink;fanin;0;fanout;57;if;7;try;0;SQL queries;0;McCabe complexity;27
CalloutEngine;fanin;130;fanout;42;if;0;try;2;SQL queries;0;McCabe complexity;26
MOrg;fanin;38;fanout;0;if;0;try;0;SQL queries;0;McCabe complexity;26
X_C_UOM_Conversion;fanin;36;fanout;0;if;0;try;0;SQL queries;0;McCabe complexity;26
X_C_RfQResponseLine;fanin;32;fanout;0;if;0;try;0;SQL queries;0;McCabe complexity;26
X_M_PriceList_Version;fanin;22;fanout;0;if;0;try;0;SQL queries;0;McCabe complexity;26
X_AD_DataMigration;fanin;22;fanout;0;if;0;try;0;SQL queries;0;McCabe complexity;26
X_S_ExpenseType;fanin;21;fanout;0;if;0;try;0;SQL queries;0;McCabe complexity;26
MRfQResponseLine;fanin;20;fanout;73;if;3;try;2;SQL queries;1;McCabe complexity;26
X_M_DiscountSchemaBreak;fanin;18;fanout;0;if;0;try;0;SQL queries;0;McCabe complexity;26
X_AD_Tree;fanin;15;fanout;0;if;0;try;0;SQL queries;0;McCabe complexity;26
X_M_DistributionRunLine;fanin;14;fanout;0;if;0;try;0;SQL queries;0;McCabe complexity;26
MColorSchema;fanin;12;fanout;100;if;4;try;0;SQL queries;0;McCabe complexity;26
X_PA_Achievement;fanin;11;fanout;0;if;0;try;0;SQL queries;0;McCabe complexity;26
MColor;fanin;8;fanout;31;if;6;try;1;SQL queries;1;McCabe complexity;26
MProjectPhase;fanin;7;fanout;58;if;4;try;2;SQL queries;1;McCabe complexity;26
X_C_Recurring_Run;fanin;6;fanout;0;if;0;try;0;SQL queries;0;McCabe complexity;26
ImportContact;fanin;6;fanout;42;if;9;try;2;SQL queries;1;McCabe complexity;26
X_AD_Task;fanin;6;fanout;0;if;0;try;0;SQL queries;0;McCabe complexity;26
button;fanin;4;fanout;0;if;0;try;0;SQL queries;0;McCabe complexity;26
X_AD_ComponentCreate;fanin;1;fanout;0;if;0;try;0;SQL queries;0;McCabe complexity;26
ViewUtil;fanin;1;fanout;76;if;4;try;2;SQL queries;0;McCabe complexity;26
X_AD_ComponentUse;fanin;1;fanout;0;if;0;try;0;SQL queries;0;McCabe complexity;26
MBPartnerInfo;fanin;1;fanout;51;if;5;try;2;SQL queries;1;McCabe complexity;26
X_C_Element;fanin;1;fanout;0;if;0;try;0;SQL queries;0;McCabe complexity;26
CalloutGLJournal;fanin;0;fanout;51;if;6;try;2;SQL queries;2;McCabe complexity;26
tr;fanin;123;fanout;0;if;0;try;0;SQL queries;0;McCabe complexity;25
SynchronizeTerminology;fanin;43;fanout;103;if;4;try;10;SQL queries;5;McCabe complexity;25
X_AD_WF_Responsible;fanin;33;fanout;0;if;0;try;0;SQL queries;0;McCabe complexity;25
MClientInfo;fanin;27;fanout;0;if;0;try;0;SQL queries;0;McCabe complexity;25
X_AD_DataMigrationEntry;fanin;20;fanout;0;if;0;try;0;SQL queries;0;McCabe complexity;25
X_AD_TableIndex;fanin;19;fanout;0;if;0;try;0;SQL queries;0;McCabe complexity;25
MRefList;fanin;17;fanout;0;if;0;try;0;SQL queries;0;McCabe complexity;25
X_C_Phase;fanin;12;fanout;0;if;0;try;0;SQL queries;0;McCabe complexity;25
BPartnerValidate;fanin;10;fanout;95;if;5;try;2;SQL queries;1;McCabe complexity;25
X_AD_ViewColumn;fanin;10;fanout;0;if;0;try;0;SQL queries;0;McCabe complexity;25
X_C_TaxDeclaration;fanin;9;fanout;0;if;0;try;0;SQL queries;0;McCabe complexity;25
MYear;fanin;9;fanout;58;if;4;try;4;SQL queries;1;McCabe complexity;25
X_AD_LdapProcessor;fanin;9;fanout;0;if;0;try;0;SQL queries;0;McCabe complexity;25
X_CM_CStageTTable;fanin;7;fanout;0;if;0;try;0;SQL queries;0;McCabe complexity;25
MStatusCategory;fanin;6;fanout;46;if;1;try;4;SQL queries;2;McCabe complexity;25
label;fanin;3;fanout;0;if;0;try;0;SQL queries;0;McCabe complexity;25
MChat;fanin;3;fanout;51;if;1;try;4;SQL queries;2;McCabe complexity;25
WebProjectDeploy;fanin;2;fanout;79;if;8;try;0;SQL queries;0;McCabe complexity;25
FileUpload;fanin;2;fanout;50;if;4;try;2;SQL queries;0;McCabe complexity;25
X_CM_ContainerTTable;fanin;1;fanout;0;if;0;try;0;SQL queries;0;McCabe complexity;25
MRequestProcessor;fanin;0;fanout;46;if;1;try;6;SQL queries;3;McCabe complexity;25
UserPassword;fanin;0;fanout;53;if;3;try;0;SQL queries;0;McCabe complexity;25
ProcessInfoParameter;fanin;777;fanout;0;if;0;try;0;SQL queries;0;McCabe complexity;24
NamePair;fanin;36;fanout;0;if;0;try;0;SQL queries;0;McCabe complexity;24
X_S_ResourceAssignment;fanin;18;fanout;0;if;0;try;0;SQL queries;0;McCabe complexity;24
X_M_Attribute;fanin;16;fanout;0;if;0;try;0;SQL queries;0;McCabe complexity;24
MRfQLine;fanin;12;fanout;85;if;2;try;2;SQL queries;1;McCabe complexity;24
X_C_Bank;fanin;9;fanout;0;if;0;try;0;SQL queries;0;McCabe complexity;24
X_M_Lot;fanin;9;fanout;0;if;0;try;0;SQL queries;0;McCabe complexity;24
MProductLocator;fanin;9;fanout;45;if;2;try;6;SQL queries;3;McCabe complexity;24
X_AD_DataMigrationPreview;fanin;9;fanout;0;if;0;try;0;SQL queries;0;McCabe complexity;24
X_M_Product_BOM;fanin;9;fanout;0;if;0;try;0;SQL queries;0;McCabe complexity;24
X_A_RegistrationAttribute;fanin;7;fanout;0;if;0;try;0;SQL queries;0;McCabe complexity;24
MComponentReg;fanin;4;fanout;67;if;2;try;2;SQL queries;1;McCabe complexity;24
ResultTable;fanin;4;fanout;54;if;3;try;0;SQL queries;0;McCabe complexity;24
MElementValue;fanin;3;fanout;0;if;0;try;0;SQL queries;0;McCabe complexity;24
X_C_DocBaseType;fanin;2;fanout;0;if;0;try;0;SQL queries;0;McCabe complexity;24
ProjectGenPO;fanin;2;fanout;82;if;10;try;0;SQL queries;0;McCabe complexity;24
ProductCost;fanin;1;fanout;37;if;4;try;2;SQL queries;2;McCabe complexity;24
X_CM_BroadcastServer;fanin;1;fanout;0;if;0;try;0;SQL queries;0;McCabe complexity;24
RfQCreatePO;fanin;0;fanout;100;if;5;try;0;SQL queries;0;McCabe complexity;24
OrderBatchProcess;fanin;0;fanout;49;if;2;try;2;SQL queries;1;McCabe complexity;24
X_Fact_Accumulation;fanin;32;fanout;0;if;0;try;0;SQL queries;0;McCabe complexity;23
X_AD_WF_NodeNext;fanin;32;fanout;0;if;0;try;0;SQL queries;0;McCabe complexity;23
CacheHandler;fanin;30;fanout;35;if;6;try;2;SQL queries;0;McCabe complexity;23
X_M_CostElement;fanin;25;fanout;0;if;0;try;0;SQL queries;0;McCabe complexity;23
X_C_UOM;fanin;24;fanout;0;if;0;try;0;SQL queries;0;McCabe complexity;23
X_C_PeriodControl;fanin;21;fanout;0;if;0;try;0;SQL queries;0;McCabe complexity;23
X_M_ProductPrice;fanin;19;fanout;0;if;0;try;0;SQL queries;0;McCabe complexity;23
X_M_DistributionListLine;fanin;9;fanout;0;if;0;try;0;SQL queries;0;McCabe complexity;23
MBank;fanin;7;fanout;38;if;5;try;3;SQL queries;1;McCabe complexity;23
X_C_RfQ_TopicSubscriber;fanin;6;fanout;0;if;0;try;0;SQL queries;0;McCabe complexity;23
MDocActionRule;fanin;6;fanout;9;if;1;try;0;SQL queries;0;McCabe complexity;23
MInterestArea;fanin;5;fanout;23;if;1;try;2;SQL queries;1;McCabe complexity;23
MDesktop;fanin;1;fanout;25;if;1;try;2;SQL queries;2;McCabe complexity;23
ComponentProduct;fanin;0;fanout;120;if;11;try;0;SQL queries;0;McCabe complexity;23
InitialSetup;fanin;0;fanout;59;if;0;try;0;SQL queries;0;McCabe complexity;23
MAlertProcessor;fanin;0;fanout;44;if;0;try;6;SQL queries;3;McCabe complexity;23
ImportLocator;fanin;0;fanout;180;if;3;try;1;SQL queries;1;McCabe complexity;23
AcctSchemaDefaultCopy;fanin;0;fanout;172;if;14;try;0;SQL queries;0;McCabe complexity;23
p;fanin;58;fanout;0;if;0;try;0;SQL queries;0;McCabe complexity;22
MDistributionRunLine;fanin;22;fanout;39;if;0;try;0;SQL queries;0;McCabe complexity;22
X_C_CommissionAmt;fanin;17;fanout;0;if;0;try;0;SQL queries;0;McCabe complexity;22
X_R_MailText;fanin;14;fanout;0;if;0;try;0;SQL queries;0;McCabe complexity;22
X_R_Source;fanin;12;fanout;0;if;0;try;0;SQL queries;0;McCabe complexity;22
X_M_LotCtl;fanin;11;fanout;0;if;0;try;0;SQL queries;0;McCabe complexity;22
X_CM_NewsChannel;fanin;10;fanout;0;if;0;try;0;SQL queries;0;McCabe complexity;22
X_M_SerNoCtl;fanin;10;fanout;0;if;0;try;0;SQL queries;0;McCabe complexity;22
X_M_DistributionRun;fanin;9;fanout;0;if;0;try;0;SQL queries;0;McCabe complexity;22
X_AD_ImpFormat;fanin;9;fanout;0;if;0;try;0;SQL queries;0;McCabe complexity;22
MBOM;fanin;7;fanout;45;if;8;try;2;SQL queries;1;McCabe complexity;22
MInvoicePaySchedule;fanin;6;fanout;41;if;6;try;2;SQL queries;1;McCabe complexity;22
MWikiToken;fanin;5;fanout;48;if;8;try;2;SQL queries;1;McCabe complexity;22
X_CM_TemplateTable;fanin;4;fanout;0;if;0;try;0;SQL queries;0;McCabe complexity;22
TranslationHandler;fanin;3;fanout;54;if;8;try;0;SQL queries;0;McCabe complexity;22
X_M_ChangeNotice;fanin;2;fanout;0;if;0;try;0;SQL queries;0;McCabe complexity;22
PaySelectionCreateCheck;fanin;1;fanout;48;if;4;try;0;SQL queries;0;McCabe complexity;22
ImportReportLine;fanin;0;fanout;205;if;4;try;5;SQL queries;6;McCabe complexity;22
X_M_AttributeSetInstance;fanin;34;fanout;0;if;0;try;0;SQL queries;0;McCabe complexity;21
X_CM_Container_Element;fanin;14;fanout;0;if;0;try;0;SQL queries;0;McCabe complexity;21
X_CM_NewsItem;fanin;12;fanout;0;if;0;try;0;SQL queries;0;McCabe complexity;21
X_C_DunningRun;fanin;12;fanout;0;if;0;try;0;SQL queries;0;McCabe complexity;21
X_CM_CStage_Element;fanin;11;fanout;0;if;0;try;0;SQL queries;0;McCabe complexity;21
X_AD_WF_Node_Para;fanin;7;fanout;0;if;0;try;0;SQL queries;0;McCabe complexity;21
X_AD_LoginMsgLog;fanin;7;fanout;0;if;0;try;0;SQL queries;0;McCabe complexity;21
X_C_PaymentBatch;fanin;6;fanout;0;if;0;try;0;SQL queries;0;McCabe complexity;21
MCommissionAmt;fanin;5;fanout;50;if;2;try;2;SQL queries;1;McCabe complexity;21
X_AD_SchedulerLog;fanin;3;fanout;0;if;0;try;0;SQL queries;0;McCabe complexity;21
X_K_IndexStop;fanin;3;fanout;0;if;0;try;0;SQL queries;0;McCabe complexity;21
X_AD_WorkflowProcessorLog;fanin;3;fanout;0;if;0;try;0;SQL queries;0;McCabe complexity;21
X_AD_LdapProcessorLog;fanin;3;fanout;0;if;0;try;0;SQL queries;0;McCabe complexity;21
X_R_RequestProcessorLog;fanin;3;fanout;0;if;0;try;0;SQL queries;0;McCabe complexity;21
X_AD_AlertProcessorLog;fanin;2;fanout;0;if;0;try;0;SQL queries;0;McCabe complexity;21
CalloutInventory;fanin;2;fanout;40;if;7;try;3;SQL queries;1;McCabe complexity;21
X_C_AcctProcessorLog;fanin;2;fanout;0;if;0;try;0;SQL queries;0;McCabe complexity;21
MPrintColor;fanin;2;fanout;0;if;0;try;0;SQL queries;0;McCabe complexity;21
X_AD_ReportView;fanin;1;fanout;0;if;0;try;0;SQL queries;0;McCabe complexity;21
TaxDeclarationCreate;fanin;1;fanout;47;if;1;try;4;SQL queries;2;McCabe complexity;21
X_AD_Val_Rule;fanin;1;fanout;0;if;0;try;0;SQL queries;0;McCabe complexity;21
IndexValidate;fanin;0;fanout;26;if;12;try;0;SQL queries;0;McCabe complexity;21
Trx;fanin;98;fanout;0;if;0;try;0;SQL queries;0;McCabe complexity;20
X_C_InvoiceTax;fanin;31;fanout;0;if;0;try;0;SQL queries;0;McCabe complexity;20
X_C_OrderTax;fanin;28;fanout;0;if;0;try;0;SQL queries;0;McCabe complexity;20
MDunningRun;fanin;20;fanout;58;if;1;try;2;SQL queries;1;McCabe complexity;20
X_C_RfQResponseLineQty;fanin;19;fanout;0;if;0;try;0;SQL queries;0;McCabe complexity;20
X_R_InterestArea;fanin;11;fanout;0;if;0;try;0;SQL queries;0;McCabe complexity;20
MInOutLineConfirm;fanin;10;fanout;57;if;7;try;1;SQL queries;1;McCabe complexity;20
X_R_Group;fanin;9;fanout;0;if;0;try;0;SQL queries;0;McCabe complexity;20
X_W_ClickCount;fanin;6;fanout;0;if;0;try;0;SQL queries;0;McCabe complexity;20
MReportSource;fanin;4;fanout;34;if;2;try;0;SQL queries;0;McCabe complexity;20
MPaymentProcessor;fanin;4;fanout;57;if;1;try;1;SQL queries;1;McCabe complexity;20
X_AD_Attachment;fanin;3;fanout;0;if;0;try;0;SQL queries;0;McCabe complexity;20
MLoginMsg;fanin;3;fanout;33;if;0;try;3;SQL queries;1;McCabe complexity;20
DocWorkflowManager;fanin;2;fanout;50;if;6;try;2;SQL queries;1;McCabe complexity;20
Obscure;fanin;1;fanout;0;if;0;try;0;SQL queries;0;McCabe complexity;20
X_C_SubAcct;fanin;1;fanout;0;if;0;try;0;SQL queries;0;McCabe complexity;20
MDataMigrationEntry;fanin;0;fanout;38;if;5;try;2;SQL queries;1;McCabe complexity;20
ColumnEncryption;fanin;0;fanout;69;if;9;try;0;SQL queries;0;McCabe complexity;20
FieldType;fanin;42;fanout;0;if;0;try;0;SQL queries;0;McCabe complexity;19
MWFResponsible;fanin;18;fanout;55;if;1;try;0;SQL queries;0;McCabe complexity;19
X_GL_Category;fanin;12;fanout;0;if;0;try;0;SQL queries;0;McCabe complexity;19
MPriceListVersion;fanin;10;fanout;50;if;3;try;2;SQL queries;1;McCabe complexity;19
X_C_ProjectType;fanin;9;fanout;0;if;0;try;0;SQL queries;0;McCabe complexity;19
b;fanin;3;fanout;0;if;0;try;0;SQL queries;0;McCabe complexity;19
X_C_Activity;fanin;2;fanout;0;if;0;try;0;SQL queries;0;McCabe complexity;19
MMenu;fanin;2;fanout;0;if;0;try;0;SQL queries;0;McCabe complexity;19
MSort;fanin;2;fanout;0;if;0;try;0;SQL queries;0;McCabe complexity;19
X_CM_ChatType;fanin;1;fanout;0;if;0;try;0;SQL queries;0;McCabe complexity;19
PP_PayFlowPro;fanin;1;fanout;107;if;1;try;0;SQL queries;0;McCabe complexity;19
MPrivateAccess;fanin;1;fanout;0;if;0;try;0;SQL queries;0;McCabe complexity;19
X_M_ReturnPolicyLine;fanin;1;fanout;0;if;0;try;0;SQL queries;0;McCabe complexity;19
MLot;fanin;1;fanout;34;if;0;try;6;SQL queries;3;McCabe complexity;19
InventoryCountUpdate;fanin;1;fanout;43;if;3;try;2;SQL queries;1;McCabe complexity;19
MAcctProcessor;fanin;0;fanout;30;if;1;try;4;SQL queries;2;McCabe complexity;19
X_M_ProductDownload;fanin;21;fanout;0;if;0;try;0;SQL queries;0;McCabe complexity;18
MDistributionRunDetail;fanin;18;fanout;36;if;3;try;2;SQL queries;1;McCabe complexity;18
X_R_ContactInterest;fanin;17;fanout;0;if;0;try;0;SQL queries;0;McCabe complexity;18
X_CM_MediaDeploy;fanin;15;fanout;0;if;0;try;0;SQL queries;0;McCabe complexity;18
MBankStatementLoader;fanin;14;fanout;116;if;7;try;1;SQL queries;0;McCabe complexity;18
X_AD_Image;fanin;11;fanout;0;if;0;try;0;SQL queries;0;McCabe complexity;18
UserPricingVO;fanin;7;fanout;0;if;0;try;0;SQL queries;0;McCabe complexity;18
MAcctSchemaDefault;fanin;6;fanout;0;if;0;try;0;SQL queries;0;McCabe complexity;18
X_AD_IndexColumn;fanin;6;fanout;0;if;0;try;0;SQL queries;0;McCabe complexity;18
X_M_AttributeValue;fanin;5;fanout;0;if;0;try;0;SQL queries;0;McCabe complexity;18
X_M_DistributionList;fanin;5;fanout;0;if;0;try;0;SQL queries;0;McCabe complexity;18
MAchievement;fanin;4;fanout;33;if;1;try;2;SQL queries;1;McCabe complexity;18
X_PA_SLA_Criteria;fanin;4;fanout;0;if;0;try;0;SQL queries;0;McCabe complexity;18
X_M_PackageLine;fanin;4;fanout;0;if;0;try;0;SQL queries;0;McCabe complexity;18
MAdvertisement;fanin;3;fanout;22;if;2;try;0;SQL queries;0;McCabe complexity;18
X_C_Dunning;fanin;3;fanout;0;if;0;try;0;SQL queries;0;McCabe complexity;18
EnvLoader;fanin;3;fanout;35;if;1;try;2;SQL queries;0;McCabe complexity;18
X_AD_CtxArea;fanin;3;fanout;0;if;0;try;0;SQL queries;0;McCabe complexity;18
MProductBOM;fanin;2;fanout;66;if;3;try;2;SQL queries;1;McCabe complexity;18
InvoiceBatchProcess;fanin;2;fanout;70;if;3;try;0;SQL queries;0;McCabe complexity;18
X_C_RfQ_TopicSubscriberOnly;fanin;2;fanout;0;if;0;try;0;SQL queries;0;McCabe complexity;18
CalloutTimeExpense;fanin;0;fanout;49;if;4;try;1;SQL queries;2;McCabe complexity;18
TranslationImportExport;fanin;0;fanout;36;if;2;try;0;SQL queries;0;McCabe complexity;18
ImportInOutConfirm;fanin;0;fanout;86;if;4;try;2;SQL queries;1;McCabe complexity;18
RegisterSystem;fanin;0;fanout;132;if;2;try;3;SQL queries;0;McCabe complexity;18
CalloutProject;fanin;0;fanout;45;if;7;try;0;SQL queries;0;McCabe complexity;18
X_M_AttributeInstance;fanin;23;fanout;0;if;0;try;0;SQL queries;0;McCabe complexity;17
X_AD_Org;fanin;16;fanout;0;if;0;try;0;SQL queries;0;McCabe complexity;17
MBankAccount;fanin;13;fanout;19;if;5;try;0;SQL queries;0;McCabe complexity;17
X_C_CashBook;fanin;11;fanout;0;if;0;try;0;SQL queries;0;McCabe complexity;17
MCashBook;fanin;10;fanout;36;if;1;try;2;SQL queries;1;McCabe complexity;17
X_AD_Replication_Log;fanin;8;fanout;0;if;0;try;0;SQL queries;0;McCabe complexity;17
X_C_Year;fanin;8;fanout;0;if;0;try;0;SQL queries;0;McCabe complexity;17
X_AD_Replication_Run;fanin;7;fanout;0;if;0;try;0;SQL queries;0;McCabe complexity;17
X_S_ResourceUnAvailable;fanin;5;fanout;0;if;0;try;0;SQL queries;0;McCabe complexity;17
DocumentTypeVerify;fanin;4;fanout;41;if;3;try;4;SQL queries;2;McCabe complexity;17
ProcessInfoLog;fanin;3;fanout;0;if;0;try;0;SQL queries;0;McCabe complexity;17
TransactionXRef;fanin;3;fanout;16;if;0;try;0;SQL queries;0;McCabe complexity;17
X_K_IndexLog;fanin;3;fanout;0;if;0;try;0;SQL queries;0;McCabe complexity;17
MRfQLineQty;fanin;2;fanout;37;if;1;try;2;SQL queries;1;McCabe complexity;17
MUserRoles;fanin;2;fanout;0;if;0;try;0;SQL queries;0;McCabe complexity;17
MBPartnerProduct;fanin;2;fanout;25;if;8;try;2;SQL queries;1;McCabe complexity;17
X_C_RfQ_Topic;fanin;1;fanout;0;if;0;try;0;SQL queries;0;McCabe complexity;17
X_R_Category;fanin;1;fanout;0;if;0;try;0;SQL queries;0;McCabe complexity;17
X_M_Shipper;fanin;1;fanout;0;if;0;try;0;SQL queries;0;McCabe complexity;17
X_C_BankStatementMatcher;fanin;1;fanout;0;if;0;try;0;SQL queries;0;McCabe complexity;17
X_C_BP_Status;fanin;1;fanout;0;if;0;try;0;SQL queries;0;McCabe complexity;17
MWorkflowProcessor;fanin;0;fanout;32;if;0;try;4;SQL queries;2;McCabe complexity;17
InvoiceCreateInOut;fanin;0;fanout;47;if;1;try;0;SQL queries;0;McCabe complexity;17
MRequestAction;fanin;26;fanout;54;if;3;try;0;SQL queries;0;McCabe complexity;16
X_M_InOutLineMA;fanin;21;fanout;0;if;0;try;0;SQL queries;0;McCabe complexity;16
X_R_StatusCategory;fanin;10;fanout;0;if;0;try;0;SQL queries;0;McCabe complexity;16
MWFEventAudit;fanin;7;fanout;28;if;2;try;2;SQL queries;1;McCabe complexity;16
MContainerElement;fanin;6;fanout;34;if;2;try;2;SQL queries;1;McCabe complexity;16
X_M_ReturnPolicy;fanin;6;fanout;0;if;0;try;0;SQL queries;0;McCabe complexity;16
ExtensionFileFilter;fanin;6;fanout;12;if;1;try;0;SQL queries;0;McCabe complexity;16
X_AD_SchedulerRecipient;fanin;4;fanout;0;if;0;try;0;SQL queries;0;McCabe complexity;16
MCommissionDetail;fanin;4;fanout;23;if;2;try;0;SQL queries;0;McCabe complexity;16
X_C_TaxCategory;fanin;4;fanout;0;if;0;try;0;SQL queries;0;McCabe complexity;16
MGLCategory;fanin;3;fanout;22;if;3;try;2;SQL queries;1;McCabe complexity;16
MLandedCost;fanin;3;fanout;52;if;2;try;2;SQL queries;1;McCabe complexity;16
ProjectGenOrder;fanin;2;fanout;45;if;2;try;0;SQL queries;0;McCabe complexity;16
MInfoWindow;fanin;2;fanout;28;if;2;try;2;SQL queries;1;McCabe complexity;16
TemporaryDelete;fanin;1;fanout;20;if;2;try;2;SQL queries;1;McCabe complexity;16
CalloutBankStatement;fanin;1;fanout;23;if;3;try;1;SQL queries;1;McCabe complexity;16
ResultTableCellRenderer;fanin;1;fanout;24;if;6;try;2;SQL queries;0;McCabe complexity;16
MAlertRule;fanin;1;fanout;45;if;2;try;0;SQL queries;0;McCabe complexity;16
MField;fanin;1;fanout;0;if;0;try;0;SQL queries;0;McCabe complexity;16
RfQCreateSO;fanin;0;fanout;59;if;5;try;0;SQL queries;0;McCabe complexity;16
InOutCreateInvoice;fanin;0;fanout;34;if;1;try;0;SQL queries;0;McCabe complexity;16
MProjectIssue;fanin;9;fanout;46;if;5;try;0;SQL queries;0;McCabe complexity;15
X_A_RegistrationValue;fanin;8;fanout;0;if;0;try;0;SQL queries;0;McCabe complexity;15
MNote;fanin;5;fanout;0;if;0;try;0;SQL queries;0;McCabe complexity;15
MCharge;fanin;4;fanout;15;if;2;try;1;SQL queries;1;McCabe complexity;15
MCommission;fanin;4;fanout;27;if;1;try;2;SQL queries;1;McCabe complexity;15
X_C_TaxPostal;fanin;4;fanout;0;if;0;try;0;SQL queries;0;McCabe complexity;15
MNewsChannel;fanin;3;fanout;45;if;1;try;2;SQL queries;1;McCabe complexity;15
X_AD_TreeNodeCMS;fanin;3;fanout;0;if;0;try;0;SQL queries;0;McCabe complexity;15
GwtTest;fanin;3;fanout;43;if;5;try;0;SQL queries;0;McCabe complexity;15
MigrateData;fanin;2;fanout;34;if;2;try;4;SQL queries;2;McCabe complexity;15
X_AD_TreeNodeCMC;fanin;2;fanout;0;if;0;try;0;SQL queries;0;McCabe complexity;15
Trace;fanin;2;fanout;0;if;0;try;0;SQL queries;0;McCabe complexity;15
X_AD_TreeNodeMM;fanin;1;fanout;0;if;0;try;0;SQL queries;0;McCabe complexity;15
InventoryValue;fanin;0;fanout;101;if;2;try;0;SQL queries;0;McCabe complexity;15
MWFNodePara;fanin;19;fanout;27;if;1;try;2;SQL queries;1;McCabe complexity;14
FinReportPeriod;fanin;17;fanout;22;if;0;try;0;SQL queries;0;McCabe complexity;14
MMediaDeploy;fanin;8;fanout;24;if;1;try;2;SQL queries;1;McCabe complexity;14
MAcctSchemaGL;fanin;5;fanout;0;if;0;try;0;SQL queries;0;McCabe complexity;14
MClickCount;fanin;5;fanout;18;if;1;try;2;SQL queries;1;McCabe complexity;14
MWebProject;fanin;4;fanout;31;if;2;try;0;SQL queries;0;McCabe complexity;14
X_PA_ReportLineSet;fanin;4;fanout;0;if;0;try;0;SQL queries;0;McCabe complexity;14
X_AD_Scheduler_Para;fanin;4;fanout;0;if;0;try;0;SQL queries;0;McCabe complexity;14
MSLAGoal;fanin;4;fanout;23;if;1;try;2;SQL queries;1;McCabe complexity;14
X_PA_ReportColumnSet;fanin;3;fanout;0;if;0;try;0;SQL queries;0;McCabe complexity;14
RoleAccessUpdate;fanin;2;fanout;26;if;1;try;2;SQL queries;1;McCabe complexity;14
X_M_LotCtlExclude;fanin;2;fanout;0;if;0;try;0;SQL queries;0;McCabe complexity;14
MimeType;fanin;2;fanout;0;if;0;try;0;SQL queries;0;McCabe complexity;14
KeyNamePair;fanin;2;fanout;0;if;0;try;0;SQL queries;0;McCabe complexity;14
X_M_SerNoCtlExclude;fanin;2;fanout;0;if;0;try;0;SQL queries;0;McCabe complexity;14
X_M_AttributeSetExclude;fanin;2;fanout;0;if;0;try;0;SQL queries;0;McCabe complexity;14
MAttributeInstance;fanin;2;fanout;10;if;4;try;0;SQL queries;0;McCabe complexity;14
MProductCosting;fanin;2;fanout;20;if;1;try;4;SQL queries;2;McCabe complexity;14
MRfQTopicSubscriber;fanin;2;fanout;21;if;0;try;2;SQL queries;1;McCabe complexity;14
MHierarchy;fanin;2;fanout;20;if;0;try;0;SQL queries;0;McCabe complexity;14
X_C_POSKeyLayout;fanin;1;fanout;0;if;0;try;0;SQL queries;0;McCabe complexity;14
X_R_Resolution;fanin;1;fanout;0;if;0;try;0;SQL queries;0;McCabe complexity;14
PrintFormatUtil;fanin;1;fanout;0;if;0;try;0;SQL queries;0;McCabe complexity;14
ProjectPhaseGenOrder;fanin;0;fanout;64;if;1;try;0;SQL queries;0;McCabe complexity;14
EntityTypeComponent;fanin;0;fanout;30;if;0;try;1;SQL queries;0;McCabe complexity;14
RfQCreate;fanin;0;fanout;23;if;2;try;0;SQL queries;0;McCabe complexity;14
DeliveryAccuracy;fanin;0;fanout;36;if;2;try;2;SQL queries;1;McCabe complexity;14
MBPRelation;fanin;0;fanout;26;if;0;try;4;SQL queries;2;McCabe complexity;14
X_M_InventoryLineMA;fanin;17;fanout;0;if;0;try;0;SQL queries;0;McCabe complexity;13
MProductPrice;fanin;7;fanout;23;if;1;try;2;SQL queries;1;McCabe complexity;13
MRegistrationValue;fanin;7;fanout;15;if;1;try;0;SQL queries;0;McCabe complexity;13
MBankStatementMatcher;fanin;6;fanout;16;if;0;try;3;SQL queries;1;McCabe complexity;13
MCStageElement;fanin;4;fanout;19;if;2;try;2;SQL queries;1;McCabe complexity;13
MSLACriteria;fanin;4;fanout;23;if;0;try;3;SQL queries;1;McCabe complexity;13
MAssetGroup;fanin;4;fanout;14;if;1;try;2;SQL queries;1;McCabe complexity;13
MInOutLineMA;fanin;4;fanout;25;if;0;try;2;SQL queries;1;McCabe complexity;13
MAd;fanin;3;fanout;24;if;0;try;2;SQL queries;1;McCabe complexity;13
MResource;fanin;2;fanout;19;if;2;try;0;SQL queries;0;McCabe complexity;13
MTreeNodeCMC;fanin;2;fanout;0;if;0;try;0;SQL queries;0;McCabe complexity;13
meta;fanin;2;fanout;0;if;0;try;0;SQL queries;0;McCabe complexity;13
MCommissionRun;fanin;2;fanout;22;if;2;try;2;SQL queries;1;McCabe complexity;13
X_R_StandardResponse;fanin;1;fanout;0;if;0;try;0;SQL queries;0;McCabe complexity;13
TranslationDocSync;fanin;1;fanout;43;if;1;try;2;SQL queries;1;McCabe complexity;13
CommissionAPInvoice;fanin;0;fanout;55;if;0;try;0;SQL queries;0;McCabe complexity;13
CopyOrder;fanin;0;fanout;33;if;1;try;0;SQL queries;0;McCabe complexity;13
TableCreateSub;fanin;0;fanout;41;if;2;try;0;SQL queries;0;McCabe complexity;13
CalloutPaymentAllocate;fanin;0;fanout;54;if;4;try;1;SQL queries;1;McCabe complexity;13
MPOS;fanin;0;fanout;24;if;5;try;0;SQL queries;0;McCabe complexity;13
ProductUOMConvert;fanin;0;fanout;20;if;0;try;0;SQL queries;0;McCabe complexity;13
X_M_MovementLineMA;fanin;17;fanout;0;if;0;try;0;SQL queries;0;McCabe complexity;12
MLdapUser;fanin;14;fanout;0;if;0;try;0;SQL queries;0;McCabe complexity;12
X_C_Calendar;fanin;7;fanout;0;if;0;try;0;SQL queries;0;McCabe complexity;12
MCalendar;fanin;6;fanout;23;if;0;try;0;SQL queries;0;McCabe complexity;12
MReportLineSet;fanin;5;fanout;23;if;1;try;2;SQL queries;1;McCabe complexity;12
MNewsItem;fanin;5;fanout;39;if;3;try;0;SQL queries;0;McCabe complexity;12
MPaySelection;fanin;5;fanout;26;if;2;try;2;SQL queries;1;McCabe complexity;12
MReportColumnSet;fanin;5;fanout;23;if;1;try;2;SQL queries;1;McCabe complexity;12
MProductCategoryAcct;fanin;5;fanout;32;if;0;try;2;SQL queries;1;McCabe complexity;12
MLandedCostAllocation;fanin;4;fanout;16;if;1;try;2;SQL queries;1;McCabe complexity;12
X_AD_Form_Access;fanin;3;fanout;0;if;0;try;0;SQL queries;0;McCabe complexity;12
MInvoiceBatch;fanin;3;fanout;19;if;1;try;2;SQL queries;1;McCabe complexity;12
MInventoryLineMA;fanin;3;fanout;25;if;0;try;2;SQL queries;1;McCabe complexity;12
X_AD_Workflow_Access;fanin;3;fanout;0;if;0;try;0;SQL queries;0;McCabe complexity;12
X_M_AttributeUse;fanin;2;fanout;0;if;0;try;0;SQL queries;0;McCabe complexity;12
MDiscountSchemaBreak;fanin;2;fanout;33;if;0;try;0;SQL queries;0;McCabe complexity;12
MMovementLineMA;fanin;2;fanout;25;if;0;try;2;SQL queries;1;McCabe complexity;12
MTask;fanin;2;fanout;37;if;0;try;1;SQL queries;0;McCabe complexity;12
X_AD_FieldGroup;fanin;1;fanout;0;if;0;try;0;SQL queries;0;McCabe complexity;12
CCachedRowSet;fanin;1;fanout;0;if;0;try;0;SQL queries;0;McCabe complexity;12
MTreeNodeCMS;fanin;1;fanout;0;if;0;try;0;SQL queries;0;McCabe complexity;12
MPOSKeyLayout;fanin;1;fanout;20;if;0;try;2;SQL queries;1;McCabe complexity;12
CalloutRequest;fanin;0;fanout;22;if;2;try;2;SQL queries;2;McCabe complexity;12
ProjectSetType;fanin;0;fanout;29;if;1;try;0;SQL queries;0;McCabe complexity;12
OrderRePrice;fanin;0;fanout;30;if;2;try;0;SQL queries;0;McCabe complexity;12
RoleMakeSysAdmin;fanin;0;fanout;29;if;2;try;0;SQL queries;0;McCabe complexity;12
MOrgInfo;fanin;14;fanout;0;if;0;try;0;SQL queries;0;McCabe complexity;11
MCurrency;fanin;13;fanout;0;if;0;try;0;SQL queries;0;McCabe complexity;11
MReport;fanin;8;fanout;23;if;2;try;0;SQL queries;0;McCabe complexity;11
MMovementLineConfirm;fanin;6;fanout;28;if;1;try;0;SQL queries;0;McCabe complexity;11
FastByteArrayOutputStream;fanin;4;fanout;19;if;1;try;0;SQL queries;0;McCabe complexity;11
SessionEndAll;fanin;2;fanout;13;if;0;try;0;SQL queries;0;McCabe complexity;11
MChatEntry;fanin;1;fanout;8;if;4;try;0;SQL queries;0;McCabe complexity;11
MExpenseType;fanin;1;fanout;13;if;2;try;0;SQL queries;0;McCabe complexity;11
WFProcessManage;fanin;0;fanout;28;if;3;try;0;SQL queries;0;McCabe complexity;11
LanguageMaintenance;fanin;0;fanout;24;if;5;try;0;SQL queries;0;McCabe complexity;11
WFActivityManage;fanin;0;fanout;28;if;3;try;0;SQL queries;0;McCabe complexity;11
MUserMail;fanin;0;fanout;2;if;3;try;0;SQL queries;0;McCabe complexity;11
PeriodControlStatus;fanin;0;fanout;30;if;0;try;0;SQL queries;0;McCabe complexity;11
DataMigrationIncludeClient;fanin;0;fanout;24;if;0;try;0;SQL queries;0;McCabe complexity;11
WorkflowMoveToClient;fanin;0;fanout;20;if;0;try;0;SQL queries;0;McCabe complexity;11
CopyImportFormat;fanin;0;fanout;26;if;0;try;0;SQL queries;0;McCabe complexity;11
InvoicePayScheduleValidate;fanin;0;fanout;21;if;1;try;0;SQL queries;0;McCabe complexity;11
ComponentRemove;fanin;0;fanout;19;if;0;try;1;SQL queries;0;McCabe complexity;11
WindowCopy;fanin;0;fanout;22;if;1;try;0;SQL queries;0;McCabe complexity;11
PackageCreate;fanin;0;fanout;20;if;0;try;0;SQL queries;0;McCabe complexity;11
CalloutAssignment;fanin;0;fanout;22;if;2;try;1;SQL queries;1;McCabe complexity;11
DataMigrationCreate;fanin;0;fanout;25;if;1;try;1;SQL queries;0;McCabe complexity;11
head;fanin;10;fanout;0;if;0;try;0;SQL queries;0;McCabe complexity;10
MDunningLevel;fanin;4;fanout;23;if;0;try;2;SQL queries;1;McCabe complexity;10
MPaySchedule;fanin;2;fanout;12;if;3;try;0;SQL queries;0;McCabe complexity;10
X_AD_User_Roles;fanin;2;fanout;0;if;0;try;0;SQL queries;0;McCabe complexity;10
ResultTableCellEditor;fanin;0;fanout;2;if;0;try;0;SQL queries;0;McCabe complexity;10
DataMigrationPreview;fanin;0;fanout;22;if;2;try;1;SQL queries;0;McCabe complexity;10
FastByteArrayInputStream;fanin;0;fanout;2;if;0;try;0;SQL queries;0;McCabe complexity;10
CalloutCashJournal;fanin;0;fanout;43;if;5;try;1;SQL queries;1;McCabe complexity;10
ReportLineSet_Copy;fanin;0;fanout;15;if;1;try;0;SQL queries;0;McCabe complexity;10
TabCopy;fanin;0;fanout;22;if;0;try;0;SQL queries;0;McCabe complexity;10
ValueNamePair;fanin;8;fanout;0;if;0;try;0;SQL queries;0;McCabe complexity;9
UIWindowVOFactory;fanin;2;fanout;0;if;0;try;0;SQL queries;0;McCabe complexity;9
MRegistrationAttribute;fanin;2;fanout;14;if;1;try;2;SQL queries;1;McCabe complexity;9
PP_Optimal;fanin;2;fanout;94;if;1;try;1;SQL queries;0;McCabe complexity;9
html;fanin;2;fanout;0;if;0;try;0;SQL queries;0;McCabe complexity;9
ResultTableModel;fanin;2;fanout;9;if;0;try;0;SQL queries;0;McCabe complexity;9
MDistributionList;fanin;1;fanout;22;if;1;try;2;SQL queries;1;McCabe complexity;9
MSLAMeasure;fanin;1;fanout;16;if;1;try;0;SQL queries;0;McCabe complexity;9
X_AD_Role_OrgAccess;fanin;1;fanout;0;if;0;try;0;SQL queries;0;McCabe complexity;9
MDataMigrationPreview;fanin;1;fanout;14;if;1;try;0;SQL queries;0;McCabe complexity;9
MLoginMsgLog;fanin;0;fanout;11;if;0;try;0;SQL queries;0;McCabe complexity;9
RfQCopyLines;fanin;0;fanout;43;if;0;try;0;SQL queries;0;McCabe complexity;9
PaymentOnline;fanin;0;fanout;32;if;1;try;0;SQL queries;0;McCabe complexity;9
DataMigrationImport;fanin;0;fanout;14;if;0;try;1;SQL queries;0;McCabe complexity;9
MTransaction;fanin;0;fanout;17;if;1;try;0;SQL queries;0;McCabe complexity;9
MChangeRequest;fanin;0;fanout;14;if;3;try;0;SQL queries;0;McCabe complexity;9
CalloutPaySelection;fanin;0;fanout;29;if;1;try;1;SQL queries;1;McCabe complexity;9
MComponentRegUpdate;fanin;0;fanout;8;if;0;try;2;SQL queries;1;McCabe complexity;9
LeadProject;fanin;0;fanout;16;if;0;try;0;SQL queries;0;McCabe complexity;9
BPartnerOrgUnLink;fanin;0;fanout;17;if;0;try;0;SQL queries;0;McCabe complexity;9
MCostUpdate;fanin;0;fanout;23;if;0;try;2;SQL queries;1;McCabe complexity;9
PeriodStatus;fanin;0;fanout;33;if;0;try;0;SQL queries;0;McCabe complexity;9
TabCreateFields;fanin;0;fanout;31;if;1;try;2;SQL queries;1;McCabe complexity;9
BankStatementMatchInfo;fanin;14;fanout;0;if;0;try;0;SQL queries;0;McCabe complexity;8
MProductPO;fanin;4;fanout;11;if;1;try;2;SQL queries;1;McCabe complexity;8
MTaxCategory;fanin;3;fanout;9;if;1;try;2;SQL queries;1;McCabe complexity;8
MPeriodControl;fanin;3;fanout;17;if;1;try;0;SQL queries;0;McCabe complexity;8
UIFieldVOFactory;fanin;2;fanout;0;if;0;try;0;SQL queries;0;McCabe complexity;8
MTreeNodeMM;fanin;2;fanout;0;if;0;try;0;SQL queries;0;McCabe complexity;8
MRequestUpdate;fanin;1;fanout;7;if;0;try;0;SQL queries;0;McCabe complexity;8
MDistributionRun;fanin;1;fanout;16;if;0;try;2;SQL queries;1;McCabe complexity;8
MProjectTypePhase;fanin;1;fanout;15;if;1;try;2;SQL queries;1;McCabe complexity;8
LoadBankStatement;fanin;0;fanout;29;if;1;try;0;SQL queries;0;McCabe complexity;8
ProductCategoryAcctCopy;fanin;0;fanout;14;if;0;try;0;SQL queries;0;McCabe complexity;8
KIndexRerun;fanin;0;fanout;17;if;0;try;0;SQL queries;0;McCabe complexity;8
OrderOpen;fanin;0;fanout;14;if;1;try;0;SQL queries;0;McCabe complexity;8
CalloutRequisition;fanin;0;fanout;34;if;1;try;0;SQL queries;0;McCabe complexity;8
BPGroupAcctCopy;fanin;0;fanout;26;if;0;try;0;SQL queries;0;McCabe complexity;8
ReportColumnSet_Copy;fanin;0;fanout;14;if;0;try;0;SQL queries;0;McCabe complexity;8
CostCreate;fanin;0;fanout;10;if;0;try;0;SQL queries;0;McCabe complexity;8
MSchedulerPara;fanin;13;fanout;19;if;0;try;0;SQL queries;0;McCabe complexity;7
MAlertRecipient;fanin;6;fanout;13;if;0;try;0;SQL queries;0;McCabe complexity;7
MFactAcct;fanin;4;fanout;29;if;0;try;0;SQL queries;0;McCabe complexity;7
ASyncWorker;fanin;1;fanout;10;if;0;try;1;SQL queries;0;McCabe complexity;7
MPackage;fanin;1;fanout;6;if;1;try;0;SQL queries;0;McCabe complexity;7
MIndexStop;fanin;1;fanout;9;if;1;try;0;SQL queries;0;McCabe complexity;7
MRfQTopic;fanin;1;fanout;15;if;0;try;2;SQL queries;1;McCabe complexity;7
MAttributeUse;fanin;1;fanout;6;if;0;try;0;SQL queries;0;McCabe complexity;7
MImpFormat;fanin;1;fanout;15;if;0;try;2;SQL queries;1;McCabe complexity;7
LeadBPartner;fanin;0;fanout;12;if;0;try;0;SQL queries;0;McCabe complexity;7
MResourceType;fanin;0;fanout;4;if;1;try;0;SQL queries;0;McCabe complexity;7
CopyFromProject;fanin;0;fanout;14;if;0;try;0;SQL queries;0;McCabe complexity;7
CopyFromJournal;fanin;0;fanout;14;if;0;try;0;SQL queries;0;McCabe complexity;7
MWebProjectDomain;fanin;0;fanout;8;if;0;try;2;SQL queries;1;McCabe complexity;7
SLAMeasureProcess;fanin;0;fanout;30;if;0;try;0;SQL queries;0;McCabe complexity;7
MAssetDelivery;fanin;0;fanout;1;if;2;try;0;SQL queries;0;McCabe complexity;7
OFXFileBankStatementLoader;fanin;0;fanout;9;if;5;try;1;SQL queries;0;McCabe complexity;7
ImportDelete;fanin;0;fanout;13;if;0;try;0;SQL queries;0;McCabe complexity;7
ProjectLinePricing;fanin;0;fanout;33;if;0;try;0;SQL queries;0;McCabe complexity;7
CopyFromOrder;fanin;0;fanout;14;if;0;try;0;SQL queries;0;McCabe complexity;7
MResourceAssignment;fanin;0;fanout;18;if;1;try;0;SQL queries;0;McCabe complexity;7
InOutCreateConfirm;fanin;0;fanout;13;if;0;try;0;SQL queries;0;McCabe complexity;7
MProjectTask;fanin;0;fanout;11;if;1;try;0;SQL queries;0;McCabe complexity;7
RequestReOpen;fanin;0;fanout;15;if;0;try;0;SQL queries;0;McCabe complexity;7
CopyFromInvoice;fanin;0;fanout;12;if;0;try;0;SQL queries;0;McCabe complexity;7
CommissionCopy;fanin;0;fanout;16;if;0;try;0;SQL queries;0;McCabe complexity;7
CThreadUtil;fanin;9;fanout;0;if;0;try;0;SQL queries;0;McCabe complexity;6
HtmlCode;fanin;8;fanout;17;if;0;try;0;SQL queries;0;McCabe complexity;6
SLACriteria;fanin;7;fanout;11;if;1;try;0;SQL queries;0;McCabe complexity;6
MIndexColumn;fanin;4;fanout;11;if;0;try;0;SQL queries;0;McCabe complexity;6
MDistributionListLine;fanin;3;fanout;0;if;0;try;0;SQL queries;0;McCabe complexity;6
GwtServerUtil;fanin;2;fanout;18;if;0;try;2;SQL queries;2;McCabe complexity;6
MSerNoCtl;fanin;1;fanout;12;if;1;try;0;SQL queries;0;McCabe complexity;6
MLotCtl;fanin;1;fanout;14;if;1;try;0;SQL queries;0;McCabe complexity;6
MChatType;fanin;0;fanout;3;if;0;try;0;SQL queries;0;McCabe complexity;6
BPPaymentAllocCleanup;fanin;0;fanout;11;if;0;try;0;SQL queries;0;McCabe complexity;6
MInfoColumn;fanin;0;fanout;14;if;3;try;0;SQL queries;0;McCabe complexity;6
NoteDelete;fanin;0;fanout;6;if;0;try;0;SQL queries;0;McCabe complexity;6
SLAGoalProcess;fanin;0;fanout;23;if;0;try;0;SQL queries;0;McCabe complexity;6
RMIUtil;fanin;0;fanout;1;if;0;try;2;SQL queries;0;McCabe complexity;6
MCampaign;fanin;0;fanout;6;if;1;try;0;SQL queries;0;McCabe complexity;6
RfQClose;fanin;0;fanout;13;if;0;try;0;SQL queries;0;McCabe complexity;6
RfQResponseInvite;fanin;0;fanout;10;if;0;try;0;SQL queries;0;McCabe complexity;6
MediaDirectDeploy;fanin;0;fanout;14;if;1;try;0;SQL queries;0;McCabe complexity;6
MPaymentBatch;fanin;0;fanout;2;if;1;try;0;SQL queries;0;McCabe complexity;6
ProjectClose;fanin;0;fanout;15;if;1;try;0;SQL queries;0;McCabe complexity;6
MValRule;fanin;0;fanout;4;if;0;try;0;SQL queries;0;McCabe complexity;6
MProductionLine;fanin;0;fanout;7;if;1;try;0;SQL queries;0;McCabe complexity;6
MGroup;fanin;3;fanout;3;if;0;try;0;SQL queries;0;McCabe complexity;5
MSource;fanin;2;fanout;3;if;0;try;0;SQL queries;0;McCabe complexity;5
MPackageLine;fanin;1;fanout;4;if;1;try;0;SQL queries;0;McCabe complexity;5
MResolution;fanin;1;fanout;3;if;0;try;0;SQL queries;0;McCabe complexity;5
MRequestCategory;fanin;1;fanout;3;if;0;try;0;SQL queries;0;McCabe complexity;5
UITabVOFactory;fanin;1;fanout;0;if;0;try;0;SQL queries;0;McCabe complexity;5
LeadRequest;fanin;0;fanout;11;if;0;try;0;SQL queries;0;McCabe complexity;5
DistributionVerify;fanin;0;fanout;11;if;0;try;0;SQL queries;0;McCabe complexity;5
MResourceUnAvailable;fanin;0;fanout;9;if;1;try;0;SQL queries;0;McCabe complexity;5
SessionEnd;fanin;0;fanout;13;if;0;try;0;SQL queries;0;McCabe complexity;5
MActivity;fanin;0;fanout;6;if;0;try;0;SQL queries;0;McCabe complexity;5
RfQResponseCComplete;fanin;0;fanout;10;if;0;try;0;SQL queries;0;McCabe complexity;5
CalloutProduct;fanin;0;fanout;6;if;0;try;0;SQL queries;0;McCabe complexity;5
MWFBlock;fanin;0;fanout;3;if;0;try;0;SQL queries;0;McCabe complexity;5
PaymentTermValidate;fanin;0;fanout;11;if;0;try;0;SQL queries;0;McCabe complexity;5
MTaxDeclaration;fanin;0;fanout;8;if;0;try;0;SQL queries;0;McCabe complexity;5
MWithholding;fanin;0;fanout;2;if;0;try;0;SQL queries;0;McCabe complexity;5
LandedCostDistribute;fanin;0;fanout;9;if;0;try;0;SQL queries;0;McCabe complexity;4
MCtxArea;fanin;0;fanout;1;if;1;try;0;SQL queries;0;McCabe complexity;4
Recurring;fanin;0;fanout;9;if;0;try;0;SQL queries;0;McCabe complexity;4
CacheClearServer;fanin;0;fanout;8;if;0;try;0;SQL queries;0;McCabe complexity;4
DiscountSchemaReSeq;fanin;0;fanout;8;if;0;try;0;SQL queries;0;McCabe complexity;4
MAccessProfile;fanin;0;fanout;0;if;0;try;0;SQL queries;0;McCabe complexity;4
EMailTest;fanin;0;fanout;18;if;1;try;0;SQL queries;0;McCabe complexity;4
MatchPODelete;fanin;0;fanout;9;if;0;try;0;SQL queries;0;McCabe complexity;4
MatchInvDelete;fanin;0;fanout;9;if;0;try;0;SQL queries;0;McCabe complexity;4
DocTypeCounterValidate;fanin;0;fanout;9;if;0;try;0;SQL queries;0;McCabe complexity;4
WorkflowValidate;fanin;0;fanout;8;if;0;try;0;SQL queries;0;McCabe complexity;4
TemplateValidate;fanin;0;fanout;8;if;0;try;0;SQL queries;0;McCabe complexity;4
CStageValidate;fanin;0;fanout;8;if;0;try;0;SQL queries;0;McCabe complexity;4
MForm;fanin;0;fanout;2;if;1;try;0;SQL queries;0;McCabe complexity;4
CacheClearAll;fanin;0;fanout;8;if;0;try;0;SQL queries;0;McCabe complexity;4
YearCreatePeriods;fanin;0;fanout;9;if;0;try;0;SQL queries;0;McCabe complexity;4
PP_PayPal;fanin;2;fanout;5;if;0;try;0;SQL queries;0;McCabe complexity;3
MReplication;fanin;1;fanout;1;if;0;try;0;SQL queries;0;McCabe complexity;3
MLdapAccess;fanin;1;fanout;1;if;0;try;0;SQL queries;0;McCabe complexity;3
DeepCopy;fanin;1;fanout;12;if;0;try;1;SQL queries;0;McCabe complexity;3
MReportView;fanin;0;fanout;2;if;0;try;0;SQL queries;0;McCabe complexity;3
MFieldGroup;fanin;0;fanout;8;if;0;try;0;SQL queries;0;McCabe complexity;3
MBPStatus;fanin;0;fanout;2;if;0;try;0;SQL queries;0;McCabe complexity;3
CalloutProduction;fanin;0;fanout;8;if;0;try;0;SQL queries;0;McCabe complexity;3
MAttributeValue;fanin;0;fanout;1;if;0;try;0;SQL queries;0;McCabe complexity;3
CalloutMovement;fanin;0;fanout;8;if;0;try;0;SQL queries;0;McCabe complexity;3
MGoalRestriction;fanin;0;fanout;8;if;0;try;0;SQL queries;0;McCabe complexity;3
MDunning;fanin;0;fanout;2;if;0;try;0;SQL queries;0;McCabe complexity;3
ValidateOrg;fanin;0;fanout;11;if;0;try;0;SQL queries;0;McCabe complexity;3
GWTServerContext;fanin;9;fanout;2;if;0;try;0;SQL queries;0;McCabe complexity;2
MReplicationRun;fanin;1;fanout;1;if;0;try;0;SQL queries;0;McCabe complexity;2
CalloutTemplate;fanin;0;fanout;2;if;1;try;0;SQL queries;0;McCabe complexity;2
SchedulerRun;fanin;0;fanout;7;if;0;try;0;SQL queries;0;McCabe complexity;2
PP_Authorize;fanin;0;fanout;1;if;0;try;0;SQL queries;0;McCabe complexity;2
CacheReset;fanin;0;fanout;2;if;0;try;0;SQL queries;0;McCabe complexity;2
InfoWindowValidate;fanin;0;fanout;1;if;0;try;0;SQL queries;0;McCabe complexity;2
CacheResetWeb;fanin;0;fanout;2;if;0;try;0;SQL queries;0;McCabe complexity;2
RemoteSetupVO;fanin;1;fanout;0;if;0;try;0;SQL queries;0;McCabe complexity;1
RemoteMergeDataVO;fanin;0;fanout;0;if;0;try;0;SQL queries;0;McCabe complexity;1
RemoteUpdateVO;fanin;0;fanout;0;if;0;try;0;SQL queries;0;McCabe complexity;1
model;fanin;5535;fanout;9954;if;0;try;0;SQL queries;0;McCabe complexity;0
xhtml;fanin;514;fanout;0;if;0;try;0;SQL queries;0;McCabe complexity;0
util;fanin;398;fanout;131;if;0;try;0;SQL queries;0;McCabe complexity;0
wf;fanin;117;fanout;580;if;0;try;0;SQL queries;0;McCabe complexity;0
BankStatementLoaderInterface;fanin;56;fanout;0;if;0;try;0;SQL queries;0;McCabe complexity;0
process;fanin;56;fanout;6;if;0;try;0;SQL queries;0;McCabe complexity;0
DocAction;fanin;55;fanout;0;if;0;try;0;SQL queries;0;McCabe complexity;0
org;fanin;39;fanout;0;if;0;try;0;SQL queries;0;McCabe complexity;0
;fanin;26;fanout;0;if;0;try;0;SQL queries;0;McCabe complexity;0
framework;fanin;25;fanout;0;if;0;try;0;SQL queries;0;McCabe complexity;0
impexp;fanin;25;fanout;93;if;0;try;0;SQL queries;0;McCabe complexity;0
report;fanin;24;fanout;57;if;0;try;0;SQL queries;0;McCabe complexity;0
core;fanin;22;fanout;143;if;0;try;0;SQL queries;0;McCabe complexity;0
plaf;fanin;12;fanout;0;if;0;try;0;SQL queries;0;McCabe complexity;0
FTPClient;fanin;11;fanout;0;if;0;try;0;SQL queries;0;McCabe complexity;0
tools;fanin;11;fanout;33;if;0;try;0;SQL queries;0;McCabe complexity;0
Server;fanin;9;fanout;0;if;0;try;0;SQL queries;0;McCabe complexity;0
BankVerificationInterface;fanin;9;fanout;0;if;0;try;0;SQL queries;0;McCabe complexity;0
vos;fanin;9;fanout;0;if;0;try;0;SQL queries;0;McCabe complexity;0
Document;fanin;8;fanout;0;if;0;try;0;SQL queries;0;McCabe complexity;0
cm;fanin;8;fanout;4;if;0;try;0;SQL queries;0;McCabe complexity;0
compiere;fanin;8;fanout;117;if;0;try;0;SQL queries;0;McCabe complexity;0
CompiereDatabase;fanin;8;fanout;0;if;0;try;0;SQL queries;0;McCabe complexity;0
Node;fanin;6;fanout;0;if;0;try;0;SQL queries;0;McCabe complexity;0
controller;fanin;6;fanout;0;if;0;try;0;SQL queries;0;McCabe complexity;0
Element;fanin;6;fanout;0;if;0;try;0;SQL queries;0;McCabe complexity;0
swing;fanin;5;fanout;0;if;0;try;0;SQL queries;0;McCabe complexity;0
Attributes;fanin;5;fanout;0;if;0;try;0;SQL queries;0;McCabe complexity;0
multipart;fanin;5;fanout;0;if;0;try;0;SQL queries;0;McCabe complexity;0
BankStatementMatcherInterface;fanin;4;fanout;0;if;0;try;0;SQL queries;0;McCabe complexity;0
sax;fanin;4;fanout;0;if;0;try;0;SQL queries;0;McCabe complexity;0
HttpMethodBase;fanin;4;fanout;0;if;0;try;0;SQL queries;0;McCabe complexity;0
print;fanin;3;fanout;0;if;0;try;0;SQL queries;0;McCabe complexity;0
ASyncProcess;fanin;3;fanout;0;if;0;try;0;SQL queries;0;McCabe complexity;0
DataStatusListener;fanin;2;fanout;0;if;0;try;0;SQL queries;0;McCabe complexity;0
esb;fanin;2;fanout;3;if;0;try;0;SQL queries;0;McCabe complexity;0
SocketClient;fanin;2;fanout;0;if;0;try;0;SQL queries;0;McCabe complexity;0
Callout;fanin;2;fanout;0;if;0;try;0;SQL queries;0;McCabe complexity;0
HttpClient;fanin;2;fanout;0;if;0;try;0;SQL queries;0;McCabe complexity;0
ftp;fanin;2;fanout;0;if;0;try;0;SQL queries;0;McCabe complexity;0
SAXException;fanin;2;fanout;0;if;0;try;0;SQL queries;0;McCabe complexity;0
LoginMsgInterface;fanin;2;fanout;0;if;0;try;0;SQL queries;0;McCabe complexity;0
HttpConnectionParams;fanin;1;fanout;0;if;0;try;0;SQL queries;0;McCabe complexity;0
FTP;fanin;1;fanout;0;if;0;try;0;SQL queries;0;McCabe complexity;0
ReplenishInterface;fanin;1;fanout;0;if;0;try;0;SQL queries;0;McCabe complexity;0
DefaultHttpParams;fanin;1;fanout;0;if;0;try;0;SQL queries;0;McCabe complexity;0
UserPricingInterface;fanin;1;fanout;0;if;0;try;0;SQL queries;0;McCabe complexity;0
ServerHome;fanin;1;fanout;0;if;0;try;0;SQL queries;0;McCabe complexity;0
methods;fanin;1;fanout;0;if;0;try;0;SQL queries;0;McCabe complexity;0
HttpStatus;fanin;1;fanout;0;if;0;try;0;SQL queries;0;McCabe complexity;0
httpclient;fanin;1;fanout;0;if;0;try;0;SQL queries;0;McCabe complexity;0
sla;fanin;1;fanout;1;if;0;try;0;SQL queries;0;McCabe complexity;0
HttpConnectionManager;fanin;1;fanout;0;if;0;try;0;SQL queries;0;McCabe complexity;0
EntityEnclosingMethod;fanin;1;fanout;0;if;0;try;0;SQL queries;0;McCabe complexity;0
CompiereProcessorLog;fanin;0;fanout;0;if;0;try;0;SQL queries;0;McCabe complexity;0
WMSRuleIntf;fanin;0;fanout;0;if;0;try;0;SQL queries;0;McCabe complexity;0
CompiereProcessor;fanin;0;fanout;0;if;0;try;0;SQL queries;0;McCabe complexity;0
ContentHandler;fanin;0;fanout;0;if;0;try;0;SQL queries;0;McCabe complexity;0
